geometry_type,surface_area,volume,frontal_area,length,width,height,rear_wing_angle,slant_angle,velocity,reynolds,drag,lift
cylinder,5.088,0.875,0.703,2.961,0.848,0.716,0.0,0.0,25.61,5002059,0.29827,-0.03365
sphere,10.731,3.281,2.752,0.568,0.259,0.229,0.0,0.0,36.59,1370918,0.09894,0.0079
suv,16.425,5.869,3.146,4.347,1.966,1.687,1.7,4.3,24.88,7134127,0.3761,0.13201
ahmed_body,4.065,0.65,0.11,1.038,0.368,0.307,0.0,32.0,49.08,3360491,0.3226,0.10945
sedan,10.355,2.89,2.318,4.916,1.859,1.46,1.4,15.5,46.95,15224683,0.24833,0.2381
ahmed_body,4.488,0.933,0.111,1.158,0.364,0.316,0.0,4.0,22.67,1731653,0.25235,0.0249
sphere,10.109,3.823,0.79,0.804,1.394,1.382,0.0,0.0,19.01,1008182,0.10317,-0.00247
fsae,8.204,1.309,1.346,4.467,1.464,1.153,18.1,1.6,45.9,13524756,0.84754,-2.17809
truck,39.667,36.729,9.005,8.374,2.501,4.138,0.0,3.0,25.59,14135268,0.73928,0.09569
sphere,0.509,4.476,1.549,0.827,0.934,1.452,0.0,0.0,16.04,875005,0.10257,0.00229
wedge,3.903,1.923,1.305,1.995,1.097,0.277,0.0,58.4,19.44,2558232,0.87623,0.34063
fsae,6.206,1.493,1.2,3.983,1.516,1.01,24.6,2.5,47.72,12537517,0.91559,-2.52499
wedge,5.574,1.386,0.408,1.139,0.634,0.234,0.0,57.1,16.19,1216386,0.86015,0.32369
sedan,11.344,3.767,1.814,4.995,1.837,1.491,0.3,14.2,29.1,9588028,0.25173,0.17046
sedan,9.57,4.247,2.03,4.374,1.712,1.341,0.5,14.4,43.47,12542070,0.25397,0.2228
cylinder,4.858,0.7,1.164,2.309,0.601,0.97,0.0,0.0,43.14,6570598,0.30714,-0.00307
suv,13.982,6.468,3.16,4.733,1.927,1.667,2.8,7.8,36.5,11395416,0.37154,0.17654
sphere,3.323,0.396,2.843,1.455,1.229,1.45,0.0,0.0,16.41,1574970,0.09953,0.01663
sphere,4.897,2.492,2.593,1.344,0.177,0.552,0.0,0.0,13.68,1212792,0.09718,0.00494
fsae,6.87,0.838,1.284,4.302,1.454,1.27,25.5,3.1,27.53,7812273,0.91379,-2.6489
airfoil,3.068,0.028,0.105,0.909,1.359,0.189,0.0,3.7,39.62,2375632,0.00742,0.39381
ahmed_body,3.546,0.63,0.086,0.933,0.352,0.316,0.0,36.2,38.69,2381119,0.33244,0.1227
sedan,9.115,3.071,1.94,4.77,1.784,1.309,1.7,13.3,43.11,13564294,0.2431,0.21705
sedan,10.707,2.868,2.01,4.408,1.898,1.369,4.2,18.8,38.02,11054892,0.28918,0.24719
truck,39.169,31.107,7.346,8.68,2.416,3.976,0.0,4.9,23.14,13249024,0.7105,0.07626
wedge,3.555,1.047,0.385,0.562,0.999,0.322,0.0,25.5,28.48,1055789,0.56586,0.18254
fsae,7.77,1.282,1.487,3.863,1.639,1.006,27.9,4.4,37.51,9558122,0.911,-2.63848
ahmed_body,4.422,0.808,0.104,1.169,0.403,0.3,0.0,7.3,47.15,3635775,0.26847,0.03328
sphere,10.673,4.174,1.263,1.23,1.108,0.161,0.0,0.0,23.93,1941550,0.1003,-0.01647
sphere,3.426,0.71,2.241,0.627,1.339,1.433,0.0,0.0,20.28,838757,0.09868,-0.00604
ahmed_body,3.633,0.987,0.112,0.948,0.373,0.263,0.0,32.9,48.8,3051609,0.32548,0.11934
truck,32.835,31.838,9.465,13.843,2.52,3.717,0.0,5.0,22.05,20134443,0.73697,0.08721
fsae,6.268,0.9,1.448,3.247,1.512,1.186,31.3,1.7,22.82,4887635,0.96302,-2.83836
flat_plate,5.574,0.044,2.094,0.013,0.536,0.554,0.0,0.0,20.22,17339,1.23219,-0.01265
suv,16.491,5.901,2.619,5.082,1.997,1.721,0.9,9.9,25.88,8675604,0.37408,0.14496
sedan,9.915,3.334,2.199,4.566,1.695,1.347,0.6,13.3,21.07,6346017,0.24807,0.11371
airfoil,1.632,0.45,0.182,1.991,0.451,0.037,0.0,5.7,62.04,8147865,0.0091,0.64777
cylinder,7.44,0.232,1.794,1.636,0.542,0.467,0.0,0.0,43.64,4709435,0.2964,0.00421
cylinder,1.891,0.705,1.172,1.737,0.58,0.412,0.0,0.0,27.73,3177243,0.30923,0.01172
cylinder,2.088,1.583,1.656,1.581,0.745,0.454,0.0,0.0,24.87,2593633,0.29741,0.00852
fsae,7.671,1.252,1.147,4.139,1.514,1.266,15.2,3.2,34.94,9539358,0.84203,-2.02712
truck,43.998,27.789,6.975,10.164,2.424,3.684,0.0,4.5,23.59,15815881,0.65381,0.0878
wedge,4.625,1.695,0.913,0.689,0.657,0.265,0.0,19.4,43.04,1956106,0.51982,0.14721
cylinder,6.888,2.817,1.469,2.376,0.634,0.43,0.0,0.0,35.7,5595198,0.30472,0.00033
fsae,6.72,1.557,1.281,3.821,1.481,1.013,33.1,3.1,42.17,10628732,0.91263,-2.76036
airfoil,2.201,0.451,0.091,1.297,0.371,0.131,0.0,6.1,55.86,4779051,0.00964,0.67592
wedge,5.419,1.088,0.282,0.75,1.003,0.589,0.0,41.7,23.55,1165073,0.71718,0.27658
cylinder,1.014,1.556,1.53,1.201,0.326,0.511,0.0,0.0,29.56,2341792,0.30454,0.00312
fsae,7.471,1.376,1.321,3.433,1.633,1.199,24.3,2.0,28.4,6431214,0.87805,-2.4678
truck,43.351,43.114,9.976,8.04,2.511,3.828,0.0,2.6,34.06,18063483,0.6891,0.06686
fsae,7.855,1.196,1.298,4.401,1.573,1.055,41.4,3.6,20.65,5994766,1.00772,-3.26888
sphere,11.941,1.772,1.347,0.528,0.914,0.797,0.0,0.0,11.39,396697,0.27323,-0.01163
sphere,8.612,0.775,2.876,0.872,0.69,0.107,0.0,0.0,43.14,2481404,0.09885,0.01151
fsae,8.43,0.869,1.286,3.225,1.451,1.273,26.6,0.4,19.55,4158889,0.90075,-2.4396
flat_plate,2.701,0.035,1.734,0.032,1.41,1.72,0.0,0.0,14.73,31092,1.25782,-0.00728
ahmed_body,4.406,0.803,0.114,0.983,0.369,0.303,0.0,26.6,56.47,3661610,0.29995,0.09868
sphere,10.161,2.483,1.388,1.272,0.667,0.579,0.0,0.0,12.51,1049652,0.10008,-0.00778
sedan,8.974,4.301,1.885,4.935,1.718,1.36,4.6,11.6,35.46,11543212,0.2639,0.17529
wedge,2.569,1.25,1.26,0.773,0.438,0.676,0.0,37.1,27.4,1397111,0.66074,0.23088
wedge,3.045,0.782,1.218,1.357,0.754,0.904,0.0,34.9,21.17,1894966,0.65445,0.23114
cylinder,6.422,2.74,0.927,1.572,0.711,0.428,0.0,0.0,48.67,5046784,0.28512,-0.00221
sedan,10.865,2.931,1.922,4.909,1.629,1.376,3.4,10.9,46.62,15096146,0.25008,0.20722
fsae,5.895,1.332,1.099,4.21,1.473,1.154,36.9,2.7,37.27,10350046,0.9735,-3.07012
fsae,7.058,0.825,1.577,3.91,1.515,1.083,34.9,2.6,17.86,4606372,0.99133,-2.88085
sedan,10.949,4.201,2.045,4.32,1.605,1.398,1.1,14.9,49.45,14091293,0.2466,0.25168
ahmed_body,3.936,0.759,0.098,1.129,0.409,0.285,0.0,34.7,28.29,2106821,0.3325,0.11266
ahmed_body,4.342,0.736,0.095,1.045,0.404,0.269,0.0,35.9,32.24,2222348,0.34141,0.13268
sphere,4.695,4.569,0.069,0.475,1.075,0.96,0.0,0.0,44.76,1402441,0.09882,-0.0082
ahmed_body,4.382,0.602,0.094,1.028,0.409,0.318,0.0,8.0,51.21,3472551,0.2561,0.03308
suv,15.153,6.064,3.122,4.474,1.93,1.794,1.8,5.1,40.54,11964113,0.37193,0.17491
wedge,2.219,1.08,1.025,1.358,0.474,0.822,0.0,28.5,36.15,3238239,0.57621,0.18778
suv,15.847,5.259,2.644,4.784,1.938,1.777,2.1,8.1,25.82,8147947,0.37195,0.12943
truck,50.941,38.92,7.934,12.043,2.573,3.655,0.0,4.9,29.66,23561701,0.69032,0.07983
airfoil,2.951,0.428,0.09,1.346,0.639,0.031,0.0,3.8,40.72,3615377,0.00748,0.42397
airfoil,2.67,0.162,0.056,1.995,0.626,0.188,0.0,10.1,52.79,6946969,0.01619,1.11313
airfoil,0.672,0.048,0.094,1.5,1.439,0.216,0.0,4.2,73.06,7228892,0.00776,0.47088
sedan,10.553,3.867,2.332,4.354,1.716,1.335,0.5,17.8,30.54,8771185,0.23692,0.18622
sphere,10.051,3.009,0.566,1.306,1.388,0.313,0.0,0.0,24.24,2088222,0.10018,0.00845
fsae,6.5,1.255,1.234,4.151,1.502,1.068,39.1,1.7,19.53,5347561,0.96013,-2.97359
wedge,2.151,1.532,1.155,0.68,1.349,0.702,0.0,23.4,11.17,501029,0.53093,0.1663
fsae,6.009,1.211,1.329,3.807,1.43,1.24,17.0,0.1,18.02,4525207,0.87761,-2.24226
airfoil,3.196,0.075,0.027,1.06,1.841,0.069,0.0,11.9,27.05,1891359,0.04521,1.32966
suv,13.599,4.706,2.853,4.979,1.894,1.876,0.0,8.6,27.52,9038396,0.36681,0.14001
sedan,8.708,2.667,1.949,4.255,1.698,1.456,4.6,10.5,33.8,9486741,0.25906,0.17585
wedge,5.052,1.733,1.335,2.302,1.49,0.452,0.0,38.7,37.95,5762592,0.66452,0.25406
wedge,3.351,1.806,0.511,2.099,0.608,0.867,0.0,44.7,30.09,4166155,0.72701,0.26176
fsae,6.633,1.549,1.19,3.537,1.359,1.105,37.2,3.8,21.45,5004528,0.97517,-3.11976
suv,13.643,6.585,2.857,5.044,2.065,1.754,1.4,2.2,39.61,13178947,0.36009,0.17892
wedge,1.071,1.663,1.069,2.323,0.973,0.828,0.0,26.8,16.62,2546719,0.57865,0.18219
wedge,2.092,0.242,0.985,2.414,1.11,0.548,0.0,49.5,11.4,1815277,0.79931,0.27678
wedge,5.029,1.387,0.897,1.085,0.638,0.708,0.0,20.0,47.22,3379532,0.49849,0.15017
fsae,7.595,0.807,1.471,3.896,1.346,1.295,32.6,2.1,22.3,5730923,0.98458,-3.02035
airfoil,3.808,0.23,0.07,0.542,1.598,0.127,0.0,0.8,53.64,1917736,0.00597,0.08794
fsae,6.515,1.448,1.261,3.811,1.357,1.169,34.7,3.8,16.44,4132773,0.97685,-2.72186
cylinder,5.634,2.719,1.434,0.799,0.432,0.552,0.0,0.0,22.6,1191121,0.30262,0.00729
sphere,1.006,2.158,1.265,0.546,0.577,0.439,0.0,0.0,29.66,1068230,0.09952,0.00805
airfoil,1.364,0.409,0.107,1.257,0.639,0.168,0.0,11.1,53.58,4442616,0.03067,1.23214
flat_plate,4.497,0.039,1.837,0.021,1.727,1.787,0.0,0.0,29.94,41474,1.2469,0.00974
sedan,9.356,3.028,2.294,4.338,1.654,1.438,4.1,14.8,43.78,12527549,0.2521,0.20043
sphere,3.583,0.491,0.966,0.667,0.561,0.901,0.0,0.0,43.01,1892327,0.09999,-0.002
sedan,12.881,4.451,1.947,4.532,1.781,1.497,3.5,19.4,20.35,6083522,0.29922,0.16882
sedan,12.818,3.377,2.387,4.1,1.858,1.388,4.2,13.5,21.29,5757850,0.25646,0.13314
airfoil,1.115,0.156,0.022,1.042,1.207,0.064,0.0,10.2,68.6,4715119,0.01721,1.13047
fsae,6.978,1.589,1.073,4.166,1.303,1.079,31.4,2.9,30.63,8417189,0.91266,-2.77714
truck,41.799,44.497,9.568,9.819,2.505,4.012,0.0,1.4,30.54,19780492,0.66695,0.06711
airfoil,3.811,0.445,0.102,0.81,0.544,0.176,0.0,0.7,30.8,1645646,0.00606,0.09145
cylinder,5.046,1.749,0.569,2.431,0.38,0.973,0.0,0.0,23.03,3693003,0.29514,-0.00083
sphere,8.933,4.704,1.123,0.535,0.565,1.435,0.0,0.0,7.62,268912,0.44999,0.0129
sedan,10.766,3.817,1.881,4.656,1.719,1.471,4.4,16.8,22.94,7045425,0.25236,0.15816
sedan,10.341,3.601,2.129,4.754,1.877,1.472,2.9,13.4,41.35,12966880,0.24941,0.22993
ahmed_body,4.919,0.961,0.091,1.196,0.351,0.28,0.0,5.4,49.74,3924079,0.25783,0.03686
ahmed_body,4.654,0.862,0.093,1.115,0.419,0.285,0.0,35.4,23.15,1702655,0.33053,0.11906
fsae,6.306,1.464,1.373,4.395,1.304,1.233,35.1,1.6,32.71,9482879,0.92059,-2.97557
sedan,11.839,2.894,2.022,4.925,1.878,1.431,2.2,16.2,36.17,11750478,0.2464,0.20475
wedge,3.516,1.698,1.455,0.912,0.628,0.714,0.0,58.1,41.77,2512813,0.87354,0.34853
sedan,9.927,3.565,1.993,4.85,1.689,1.344,4.2,11.2,22.78,7287797,0.26427,0.12008
sedan,10.831,3.781,2.351,4.39,1.644,1.416,2.1,19.1,34.16,9891979,0.30021,0.2201
airfoil,3.852,0.375,0.119,1.481,0.594,0.064,0.0,7.7,76.87,7509530,0.01166,0.88228
sphere,8.028,0.694,0.796,1.2,0.462,1.351,0.0,0.0,29.89,2365963,0.09405,0.00333
wedge,5.129,0.498,0.608,2.297,0.456,0.208,0.0,33.9,29.24,4430361,0.62447,0.23344
airfoil,3.294,0.379,0.094,0.621,0.785,0.14,0.0,1.6,50.02,2048972,0.0062,0.1956
airfoil,2.993,0.189,0.106,1.023,1.573,0.196,0.0,8.9,61.35,4139911,0.01387,0.96947
wedge,4.85,1.786,0.345,0.837,1.215,0.699,0.0,38.8,23.26,1284210,0.69779,0.26092
fsae,8.185,1.197,1.134,3.652,1.357,1.258,30.0,2.4,15.54,3743541,0.90287,-2.6792
wedge,3.795,0.27,1.359,0.595,0.626,0.515,0.0,12.5,45.1,1770086,0.41827,0.10491
ahmed_body,4.057,0.672,0.11,1.02,0.352,0.274,0.0,33.8,48.0,3229551,0.32177,0.11844
sedan,10.176,3.606,2.384,4.711,1.67,1.412,2.2,18.4,20.19,6274082,0.30169,0.16456
wedge,2.607,0.268,0.267,1.366,0.51,0.888,0.0,52.5,19.25,1734532,0.81559,0.29966
wedge,4.855,0.682,1.11,1.983,0.59,0.295,0.0,35.9,46.61,6096809,0.62089,0.22737
flat_plate,2.927,0.034,1.104,0.018,1.029,0.826,0.0,0.0,32.63,38743,1.26256,0.00419
sedan,8.948,2.86,2.164,4.271,1.653,1.399,1.5,12.0,37.15,10466204,0.2697,0.19235
cylinder,5.007,1.931,0.525,1.474,0.48,0.402,0.0,0.0,49.92,4853699,0.30538,0.00945
sphere,2.933,2.653,0.839,1.282,0.732,0.156,0.0,0.0,12.89,1090038,0.09802,0.02007
airfoil,3.091,0.432,0.149,0.592,1.951,0.229,0.0,1.6,65.57,2560517,0.006,0.17681
flat_plate,3.114,0.021,1.196,0.019,1.089,1.786,0.0,0.0,29.96,37549,1.23311,-0.01158
ahmed_body,4.056,0.986,0.108,1.108,0.374,0.305,0.0,39.8,59.64,4358913,0.34399,0.11677
ahmed_body,4.764,0.937,0.096,1.011,0.398,0.255,0.0,8.9,42.61,2841604,0.26532,0.03843
wedge,4.026,1.168,1.272,2.486,0.923,0.664,0.0,16.0,33.05,5419677,0.46026,0.11259
airfoil,1.115,0.113,0.137,0.797,0.643,0.178,0.0,7.0,41.29,2170721,0.0109,0.76137
wedge,2.497,0.405,1.21,1.097,1.447,0.243,0.0,53.5,11.72,848077,0.83045,0.31562
sedan,11.975,4.306,2.266,4.071,1.621,1.415,0.4,10.8,27.94,7502885,0.25861,0.15393
truck,39.881,20.345,8.91,11.449,2.564,3.642,0.0,3.8,20.05,15141982,0.70155,0.06662
sphere,1.205,3.399,2.848,1.277,0.381,0.144,0.0,0.0,44.06,3711387,0.09917,0.00982
sphere,2.425,1.245,2.436,1.261,0.249,1.389,0.0,0.0,7.08,588910,0.09894,-0.00807
sphere,11.368,3.596,0.229,0.476,1.279,0.97,0.0,0.0,36.35,1141332,0.09873,0.01118
fsae,7.473,1.498,1.036,3.812,1.369,1.138,34.7,3.7,38.29,9628066,0.91485,-2.94447
wedge,3.655,0.415,0.376,1.346,1.069,0.204,0.0,14.4,14.75,1309598,0.44272,0.12652
fsae,8.05,1.358,1.106,3.704,1.6,1.192,40.9,2.7,29.9,7305383,1.00072,-3.17078
airfoil,0.979,0.467,0.042,1.094,1.125,0.176,0.0,8.2,26.19,1889964,0.01309,0.87953
wedge,4.987,1.621,0.919,1.06,0.612,0.394,0.0,25.6,23.62,1651530,0.56154,0.15904
ahmed_body,4.538,0.756,0.101,0.994,0.392,0.304,0.0,20.8,45.67,2994458,0.27972,0.08923
sedan,10.765,2.778,2.234,4.698,1.72,1.327,3.9,14.1,38.17,11828672,0.25595,0.20996
fsae,7.602,1.303,1.453,3.301,1.7,1.112,22.7,0.4,24.56,5347794,0.91785,-2.50496
fsae,6.007,0.872,1.2,4.453,1.638,1.172,16.2,0.2,29.97,8803193,0.86491,-2.11427
fsae,7.66,1.294,1.243,3.978,1.444,1.215,28.8,2.7,21.8,5720343,0.91654,-2.57752
fsae,6.415,1.56,1.45,3.806,1.379,1.132,19.1,4.9,15.47,3883827,0.85112,-2.2433
suv,15.164,5.041,2.961,4.446,2.054,1.811,2.5,5.5,30.48,8938923,0.36031,0.15779
ahmed_body,4.439,0.68,0.087,0.97,0.368,0.3,0.0,16.7,41.43,2650864,0.26618,0.07282
cylinder,1.48,1.427,0.841,0.948,0.705,0.934,0.0,0.0,23.67,1480156,0.30121,0.00763
fsae,5.982,1.525,1.199,3.4,1.341,1.26,43.7,1.9,23.55,5281662,1.02634,-3.3844
sphere,11.149,0.262,0.392,0.462,1.482,1.462,0.0,0.0,37.29,1136410,0.10016,-1e-05
fsae,6.69,1.181,1.489,4.378,1.338,1.288,24.1,1.6,17.11,4941133,0.92261,-2.53487
cylinder,5.328,1.159,1.588,2.369,0.177,0.651,0.0,0.0,28.57,4464534,0.29757,0.01717
sphere,5.759,1.376,1.404,0.537,0.575,0.405,0.0,0.0,15.61,552940,0.10399,0.01883
sedan,11.733,3.834,1.833,4.686,1.757,1.479,2.9,10.1,38.36,11857187,0.26195,0.17661
fsae,7.273,0.959,1.359,3.716,1.468,1.197,28.9,2.5,22.98,5632828,0.94056,-2.6671
ahmed_body,4.981,0.977,0.101,0.952,0.376,0.262,0.0,35.7,28.83,1810433,0.33752,0.08294
fsae,5.877,0.983,1.076,4.322,1.676,1.173,19.7,4.2,36.59,10431529,0.87643,-2.27186
truck,41.531,22.33,8.323,11.825,2.515,3.929,0.0,1.4,26.52,20685950,0.73194,0.11331
cylinder,2.547,2.265,1.968,1.811,0.549,0.806,0.0,0.0,43.75,5226336,0.29943,-0.0285
cylinder,4.157,2.022,0.328,1.401,0.413,0.733,0.0,0.0,20.64,1907430,0.29512,0.00237
suv,17.878,4.492,2.702,4.881,1.983,1.74,2.8,9.9,36.47,11742089,0.37904,0.1706
airfoil,3.781,0.318,0.066,1.934,1.041,0.173,0.0,6.0,51.42,6559781,0.00959,0.70883
truck,42.084,30.94,9.463,8.71,2.506,3.695,0.0,4.1,34.16,19626227,0.73626,0.08324
wedge,4.257,1.322,0.54,1.226,0.998,0.484,0.0,39.5,27.32,2209388,0.67815,0.24436
fsae,5.603,1.104,1.256,4.13,1.392,1.24,30.4,2.0,33.31,9074558,0.93404,-2.7254
wedge,1.802,1.327,0.822,1.186,0.795,0.595,0.0,53.3,37.39,2925102,0.87891,0.32201
wedge,3.915,1.564,0.64,0.659,0.492,0.558,0.0,30.4,25.93,1127168,0.62592,0.2098
ahmed_body,4.405,1.0,0.087,0.995,0.365,0.301,0.0,26.8,48.67,3194370,0.30293,0.09839
flat_plate,3.341,0.005,1.259,0.049,1.467,1.308,0.0,0.0,33.27,107535,1.19849,0.01678
airfoil,3.156,0.387,0.045,1.604,0.819,0.139,0.0,11.8,40.88,4325298,0.04477,1.26648
airfoil,2.251,0.344,0.144,1.642,1.777,0.172,0.0,2.0,58.7,6357876,0.00637,0.2184
airfoil,2.253,0.111,0.186,0.579,1.241,0.237,0.0,3.6,42.65,1628915,0.00756,0.40013
fsae,5.7,1.421,1.282,3.888,1.443,1.036,17.6,5.0,21.69,5562712,0.87777,-2.10828
sphere,11.602,4.257,1.689,0.889,0.633,0.321,0.0,0.0,32.38,1898801,0.09703,-0.005
sedan,9.411,4.209,2.315,4.88,1.826,1.362,3.1,16.0,39.67,12769763,0.24005,0.21841
wedge,3.479,0.449,1.073,0.719,1.041,0.988,0.0,17.4,31.28,1483530,0.49426,0.12403
sedan,11.893,2.848,2.041,4.867,1.822,1.386,0.2,12.4,22.07,7085402,0.25655,0.13666
wedge,3.928,0.462,0.226,2.01,1.023,0.991,0.0,56.7,29.56,3919235,0.82556,0.3284
flat_plate,5.022,0.028,1.428,0.023,1.012,0.792,0.0,0.0,19.69,29873,1.22166,0.00849
ahmed_body,4.762,0.944,0.108,1.163,0.367,0.265,0.0,37.5,36.15,2773249,0.33296,0.12507
ahmed_body,4.419,0.724,0.084,1.165,0.412,0.291,0.0,37.9,37.58,2887909,0.3413,0.12392
flat_plate,4.733,0.035,1.562,0.046,0.642,1.797,0.0,0.0,20.8,63113,1.24362,-0.02449
flat_plate,4.546,0.036,2.614,0.039,1.004,1.513,0.0,0.0,15.68,40338,1.26117,-0.00534
cylinder,1.484,0.551,0.23,2.562,0.502,0.786,0.0,0.0,15.86,2680298,0.2964,0.01577
suv,12.249,6.06,2.736,5.182,1.995,1.64,2.3,4.3,35.67,12192740,0.37596,0.1645
sphere,3.879,4.736,2.648,0.789,0.383,1.054,0.0,0.0,6.82,354946,0.3471,-0.00195
sedan,11.569,2.589,1.829,4.982,1.786,1.434,4.4,12.4,32.06,10535813,0.24946,0.1848
airfoil,3.898,0.315,0.084,1.292,1.875,0.163,0.0,4.6,67.22,5728776,0.00822,0.49674
fsae,5.562,0.887,1.307,4.479,1.682,1.008,37.8,0.9,38.68,11427950,1.00518,-2.89923
sphere,1.301,4.602,0.254,1.458,0.603,1.36,0.0,0.0,38.09,3663273,0.10068,-0.01171
flat_plate,0.726,0.035,2.851,0.024,1.848,1.387,0.0,0.0,34.17,54095,1.23029,0.0079
wedge,4.281,1.187,0.51,2.497,0.999,0.785,0.0,40.4,32.35,5328361,0.67609,0.24732
sedan,10.955,2.806,2.0,4.928,1.648,1.418,3.2,13.1,33.45,10873456,0.25415,0.18234
ahmed_body,3.875,0.78,0.105,0.913,0.356,0.278,0.0,15.2,20.47,1232791,0.25338,0.07276
ahmed_body,4.986,0.651,0.1,1.185,0.416,0.27,0.0,18.2,50.04,3911438,0.27238,0.07058
sedan,8.301,3.472,2.357,4.44,1.63,1.494,2.7,11.8,40.29,11799974,0.2663,0.18491
sedan,11.146,3.336,2.284,4.193,1.859,1.423,2.3,12.2,22.95,6347582,0.26376,0.12766
fsae,6.983,1.105,1.097,3.339,1.593,1.242,31.2,3.5,32.57,7173564,0.9131,-2.67853
sedan,9.091,3.062,2.035,4.555,1.711,1.368,3.0,11.1,42.82,12865772,0.26753,0.223
flat_plate,5.777,0.025,0.432,0.03,0.824,1.863,0.0,0.0,39.27,77711,1.18574,0.00386
wedge,4.09,0.37,0.216,2.194,1.165,0.895,0.0,40.5,29.2,4225910,0.67936,0.25642
suv,13.435,4.099,2.977,4.301,2.04,1.749,1.3,4.4,33.2,9419077,0.38251,0.15186
airfoil,2.56,0.224,0.073,0.524,0.407,0.199,0.0,11.5,40.14,1387425,0.03792,1.28913
wedge,4.622,0.825,0.782,1.024,1.498,0.754,0.0,34.0,22.24,1502227,0.63633,0.22025
cylinder,4.474,0.195,1.744,2.577,0.194,0.117,0.0,0.0,34.97,5944439,0.30816,0.00714
sedan,10.288,3.775,2.382,4.133,1.846,1.495,1.5,15.5,28.93,7887051,0.24924,0.16602
airfoil,3.876,0.371,0.076,1.254,0.914,0.04,0.0,1.7,75.88,6276617,0.00617,0.19272
airfoil,1.195,0.35,0.105,0.558,1.549,0.041,0.0,1.3,46.48,1710807,0.00603,0.13258
flat_plate,1.166,0.048,2.587,0.015,1.681,1.395,0.0,0.0,38.09,37688,1.25647,0.00176
fsae,6.647,1.23,1.211,3.324,1.451,1.295,19.3,3.7,46.29,10149602,0.86945,-2.32142
sedan,9.889,3.394,2.071,4.73,1.68,1.383,1.2,17.7,32.05,9999769,0.24237,0.20676
suv,14.742,6.574,2.794,4.79,1.94,1.748,0.1,5.3,34.76,10982876,0.37819,0.16296
flat_plate,4.521,0.002,2.972,0.05,1.896,1.933,0.0,0.0,31.48,103826,1.23084,0.01033
fsae,5.517,1.48,1.159,4.117,1.397,1.187,22.2,0.9,49.67,13488878,0.88179,-2.226
airfoil,3.174,0.286,0.072,1.534,1.868,0.17,0.0,1.4,39.62,4009042,0.006,0.14958
ahmed_body,4.278,0.746,0.105,1.051,0.369,0.261,0.0,35.1,29.41,2038912,0.3284,0.10189
fsae,5.78,1.347,1.168,3.79,1.631,1.212,30.1,4.1,44.04,11010000,0.91438,-2.62674
fsae,7.282,1.211,1.592,3.586,1.592,1.263,32.2,3.9,15.07,3564711,0.95936,-2.76354
suv,17.237,5.451,3.129,4.754,1.901,1.866,1.2,4.8,41.46,13001375,0.37661,0.18391
suv,14.335,6.469,2.889,4.686,1.84,1.715,2.7,4.2,22.31,6896086,0.37866,0.11257
sedan,8.362,3.193,1.919,4.343,1.718,1.387,1.5,13.7,23.22,6652009,0.25784,0.13852
suv,13.435,5.831,3.148,5.151,1.801,1.859,0.7,8.5,35.47,12051845,0.36883,0.1679
wedge,3.988,1.438,1.326,1.78,1.383,0.497,0.0,43.9,49.39,5799090,0.74654,0.25072
sedan,12.271,2.592,2.332,4.012,1.679,1.488,4.7,11.3,24.0,6351451,0.25025,0.12142
wedge,1.636,1.026,0.552,2.212,1.248,0.541,0.0,26.6,47.74,6965757,0.56931,0.18071
sphere,11.369,0.966,2.439,0.14,1.062,1.263,0.0,0.0,38.59,356372,0.35026,-0.0092
cylinder,1.418,1.667,1.042,2.376,0.594,0.958,0.0,0.0,16.79,2631467,0.29256,-0.01337
sedan,11.513,4.38,2.373,4.049,1.873,1.451,4.2,18.9,25.69,6861399,0.30352,0.16627
flat_plate,4.841,0.039,2.477,0.018,1.994,1.552,0.0,0.0,12.4,14723,1.25331,-0.01147
ahmed_body,4.909,0.795,0.092,1.001,0.361,0.303,0.0,23.9,31.97,2110948,0.28861,0.09802
fsae,7.076,1.354,1.005,4.291,1.306,1.291,21.9,1.8,28.78,8146107,0.88665,-2.39214
sedan,11.259,4.135,1.971,4.141,1.843,1.378,1.4,14.6,48.35,13206949,0.25705,0.25465
suv,16.456,6.694,2.575,5.045,1.995,1.854,0.8,6.0,24.68,8213100,0.37402,0.13651
ahmed_body,4.739,0.942,0.095,0.921,0.397,0.305,0.0,19.8,38.53,2340774,0.27029,0.08155
ahmed_body,3.678,0.669,0.092,1.055,0.4,0.287,0.0,9.1,27.03,1881046,0.26102,0.04838
suv,13.767,6.509,2.951,4.389,1.912,1.824,0.9,5.9,44.09,12764578,0.37788,0.18343
airfoil,1.207,0.151,0.074,0.872,1.76,0.197,0.0,10.6,77.94,4483092,0.02077,1.13953
wedge,2.897,0.861,0.86,1.579,0.725,0.439,0.0,56.6,27.95,2911151,0.87504,0.34203
wedge,5.404,0.236,0.489,1.555,0.872,0.959,0.0,59.8,42.25,4333691,0.89147,0.35846
fsae,6.101,0.921,1.317,4.238,1.517,1.061,34.0,2.6,49.88,13944026,0.92505,-2.98761
sedan,9.532,2.826,1.822,4.864,1.794,1.448,1.7,10.8,40.58,13019863,0.25892,0.20379
ahmed_body,4.665,0.742,0.098,1.071,0.415,0.316,0.0,5.2,41.05,2900036,0.25631,0.03566
fsae,8.152,0.934,1.223,3.799,1.597,1.146,39.1,3.1,18.48,4630971,0.98347,-3.0549
sphere,3.818,1.18,1.741,0.865,1.107,1.086,0.0,0.0,44.09,2515689,0.09849,0.01271
airfoil,2.563,0.18,0.125,0.864,0.767,0.152,0.0,5.5,22.32,1272063,0.00899,0.60106
wedge,2.203,0.727,1.085,1.797,1.011,0.784,0.0,32.9,32.07,3801437,0.63171,0.20942
flat_plate,4.603,0.014,2.381,0.019,0.729,1.008,0.0,0.0,39.32,49280,1.19937,0.00797
cylinder,7.978,0.642,1.87,2.873,0.533,0.216,0.0,0.0,15.17,2874895,0.30426,-0.00095
suv,15.25,5.066,3.082,4.912,1.949,1.842,1.1,4.4,44.0,14256464,0.36407,0.17396
sphere,3.492,3.159,2.475,1.279,0.449,0.924,0.0,0.0,21.02,1773389,0.10117,-0.00596
wedge,4.375,0.315,0.858,1.357,0.406,0.358,0.0,30.0,44.03,3941208,0.60723,0.19028
fsae,7.739,1.033,1.491,4.356,1.685,1.075,24.1,3.4,26.9,7729314,0.91527,-2.61226
fsae,6.394,1.39,1.591,3.624,1.585,1.191,31.1,4.6,27.44,6559536,0.92441,-2.89253
cylinder,4.9,2.36,0.34,2.39,0.338,0.989,0.0,0.0,42.19,6651326,0.29412,0.02119
suv,14.331,5.862,2.952,4.603,1.934,1.655,0.9,0.8,35.88,10894172,0.36734,0.16698
suv,17.235,6.752,2.915,4.445,1.886,1.715,1.2,1.8,44.35,13003677,0.36304,0.18461
airfoil,0.534,0.079,0.14,0.721,1.494,0.078,0.0,3.7,73.54,3497516,0.00735,0.40403
flat_plate,1.761,0.031,1.272,0.031,0.839,1.462,0.0,0.0,37.25,76171,1.27209,0.00551
suv,16.858,6.249,3.192,5.022,1.99,1.746,2.3,5.6,36.55,12107790,0.38041,0.18693
cylinder,3.588,1.896,1.543,1.707,0.355,0.681,0.0,0.0,10.61,1194675,0.29241,0.01102
fsae,6.766,1.583,1.131,4.278,1.363,1.053,39.8,1.5,37.4,10553905,0.97609,-3.02967
fsae,5.529,0.985,1.063,3.246,1.399,1.065,27.0,3.5,33.48,7168607,0.91832,-2.5621
sphere,4.733,3.922,1.783,0.969,1.095,0.679,0.0,0.0,40.5,2588687,0.10238,-0.0186
flat_plate,5.944,0.03,0.423,0.028,1.762,0.573,0.0,0.0,36.51,67433,1.20983,0.00373
cylinder,3.599,0.343,0.917,0.695,0.966,0.75,0.0,0.0,37.99,1741626,0.29808,0.00253
truck,49.567,21.112,8.253,8.403,2.446,3.754,0.0,4.2,30.69,17011086,0.6617,0.06963
fsae,6.281,0.81,1.154,3.654,1.511,1.225,16.9,4.0,30.38,7322462,0.85769,-2.12381
suv,12.605,6.318,2.926,4.527,1.848,1.628,1.3,1.6,28.72,8576216,0.37406,0.15795
fsae,6.653,1.161,1.406,4.108,1.575,1.217,17.5,4.9,41.18,11158802,0.86066,-2.10856
cylinder,6.87,0.136,1.865,2.978,0.785,0.858,0.0,0.0,17.59,3455344,0.31799,0.00596
cylinder,7.057,1.356,1.271,1.66,0.377,0.962,0.0,0.0,11.2,1226385,0.29886,0.00549
fsae,8.472,0.823,1.407,3.506,1.636,1.153,18.0,2.2,18.86,4361686,0.87706,-2.24096
suv,12.268,6.358,2.739,4.853,1.928,1.745,1.3,2.2,44.45,14229278,0.35701,0.19809
sedan,11.758,3.799,2.337,4.678,1.727,1.462,3.9,17.8,25.3,7806953,0.24028,0.1634
sedan,9.079,3.275,2.168,4.022,1.782,1.403,1.3,16.4,27.93,7409925,0.25289,0.17378
fsae,8.345,0.983,1.575,3.374,1.367,1.076,35.5,4.5,26.49,5895598,0.9637,-3.03063
fsae,7.15,1.596,1.455,3.51,1.31,1.013,31.9,1.1,19.69,4558832,0.92088,-2.76671
fsae,8.185,1.16,1.191,3.938,1.394,1.1,42.3,4.4,25.15,6533028,1.02771,-3.06002
sedan,8.041,3.316,2.344,4.181,1.782,1.479,2.3,10.3,33.78,9316239,0.2578,0.17975
truck,43.887,24.806,9.381,14.743,2.472,3.793,0.0,3.3,20.79,20218138,0.69334,0.0614
truck,44.083,28.058,6.463,9.048,2.596,4.145,0.0,1.7,27.55,16442770,0.67387,0.09362
fsae,6.032,1.597,1.129,4.112,1.328,1.178,24.9,3.0,39.32,10665161,0.9348,-2.50625
cylinder,7.213,0.292,1.027,2.427,0.764,0.191,0.0,0.0,46.77,7487519,0.2867,-0.01984
suv,16.492,5.266,2.614,4.928,1.995,1.878,2.6,7.8,23.2,7541530,0.37866,0.12203
sphere,3.665,4.596,0.298,1.08,0.688,0.358,0.0,0.0,27.03,1925620,0.09609,0.00968
sedan,8.624,4.239,2.339,4.338,1.612,1.402,5.0,18.8,45.7,13076953,0.2984,0.25671
fsae,7.553,0.993,1.021,3.651,1.582,1.278,25.8,3.9,49.36,11887425,0.9078,-2.55878
flat_plate,4.809,0.011,0.273,0.045,1.75,1.275,0.0,0.0,35.12,104248,1.20874,-0.01782
truck,46.655,25.237,7.527,10.656,2.509,3.878,0.0,2.3,24.17,16989150,0.73474,0.07658
ahmed_body,3.516,0.788,0.094,1.179,0.395,0.305,0.0,33.3,26.8,2084248,0.31593,0.11725
fsae,5.547,1.131,1.445,4.494,1.329,1.115,19.9,3.7,49.6,14703325,0.89963,-2.37727
fsae,6.454,1.091,1.314,4.009,1.479,1.181,39.4,2.7,28.1,7430930,0.98081,-3.15285
wedge,3.377,1.162,1.318,0.566,1.243,0.855,0.0,17.4,30.57,1141334,0.45394,0.13342
ahmed_body,4.63,0.602,0.084,1.033,0.417,0.281,0.0,31.5,20.25,1379832,0.31683,0.11002
airfoil,3.023,0.141,0.118,0.774,1.007,0.195,0.0,5.1,78.74,4020103,0.00864,0.56689
truck,37.497,27.261,9.932,14.165,2.45,3.674,0.0,2.0,20.55,19201237,0.65022,0.09636
airfoil,0.95,0.094,0.026,1.742,0.577,0.108,0.0,10.9,39.13,4496336,0.02631,1.1929
fsae,6.737,1.349,1.142,4.18,1.533,1.171,19.8,0.8,18.73,5164340,0.8759,-2.23928
suv,14.323,6.122,2.859,4.825,2.02,1.698,1.0,5.7,26.79,8526501,0.38229,0.12066
airfoil,1.401,0.418,0.16,1.371,0.59,0.235,0.0,2.2,27.1,2450798,0.00638,0.24481
wedge,5.996,1.032,0.92,2.417,1.243,0.737,0.0,24.6,33.54,5347373,0.53852,0.17097
ahmed_body,4.714,0.747,0.108,1.001,0.358,0.281,0.0,22.8,51.07,3372102,0.28552,0.09086
cylinder,1.741,1.572,0.206,1.192,0.783,0.931,0.0,0.0,19.3,1517520,0.30255,-0.00431
sphere,7.725,1.211,2.85,1.223,0.374,0.628,0.0,0.0,48.56,3917472,0.0986,-0.00368
flat_plate,2.321,0.029,1.339,0.038,0.685,1.668,0.0,0.0,33.56,84121,1.24941,-0.00665
airfoil,1.464,0.357,0.187,0.767,0.993,0.22,0.0,1.1,61.54,3113534,0.00613,0.12408
wedge,4.678,1.524,0.454,2.004,1.087,0.406,0.0,57.0,11.98,1583636,0.85615,0.3273
truck,39.665,29.839,8.631,12.416,2.465,4.031,0.0,1.9,24.4,19983536,0.71735,0.08285
ahmed_body,4.292,0.791,0.091,1.116,0.373,0.262,0.0,28.4,41.31,3041026,0.30495,0.0902
flat_plate,5.468,0.014,1.113,0.016,1.236,1.995,0.0,0.0,21.92,23135,1.26391,0.00198
suv,15.894,5.021,2.811,5.135,2.076,1.603,1.2,1.6,33.33,11289548,0.35336,0.1744
wedge,2.113,0.836,0.511,1.562,0.505,0.252,0.0,28.5,26.66,2746894,0.59609,0.19066
suv,13.197,4.517,2.631,4.843,2.023,1.808,1.8,1.0,29.16,9315427,0.37268,0.14569
fsae,5.863,1.591,1.544,4.205,1.526,1.272,25.9,2.3,29.28,8121530,0.92787,-2.47953
wedge,2.677,1.169,0.499,1.09,0.756,0.892,0.0,59.8,47.17,3391511,0.88044,0.34222
sedan,11.661,3.971,2.362,4.346,1.741,1.399,4.9,18.0,20.59,5902648,0.23949,0.14667
cylinder,1.088,0.594,1.728,1.784,0.987,0.539,0.0,0.0,44.71,5261388,0.2977,0.00345
ahmed_body,4.919,0.959,0.086,1.017,0.406,0.252,0.0,2.0,25.73,1726082,0.24902,0.02748
wedge,3.191,0.975,0.352,0.587,0.618,0.938,0.0,33.2,31.8,1231306,0.63495,0.21129
wedge,1.295,0.23,0.808,2.172,0.954,0.415,0.0,52.4,18.39,2634768,0.82483,0.30494
cylinder,7.978,2.832,0.189,1.578,0.668,0.317,0.0,0.0,48.33,5030656,0.30452,0.02035
airfoil,1.88,0.16,0.187,0.875,1.199,0.247,0.0,8.1,50.13,2893387,0.01254,0.8841
wedge,5.643,1.947,0.72,1.891,1.25,0.945,0.0,26.2,22.39,2792842,0.54468,0.1808
suv,16.767,5.72,2.579,4.395,2.015,1.624,1.2,6.1,27.57,7992754,0.38293,0.1282
airfoil,2.222,0.397,0.068,0.967,1.945,0.221,0.0,2.3,29.25,1865749,0.0065,0.26991
sphere,8.763,3.961,0.142,0.997,1.056,0.92,0.0,0.0,15.85,1042378,0.10108,0.00028
cylinder,7.134,2.793,0.979,0.518,0.279,0.567,0.0,0.0,40.05,1368463,0.29384,0.01348
flat_plate,1.22,0.047,1.732,0.024,0.622,0.949,0.0,0.0,38.43,60839,1.24591,0.00397
wedge,3.253,1.48,0.276,0.854,0.427,0.277,0.0,13.5,36.08,2032475,0.42567,0.11964
wedge,3.633,0.41,1.397,1.711,0.511,0.734,0.0,58.0,27.42,3094698,0.89366,0.33388
truck,38.772,27.448,8.133,13.168,2.484,3.701,0.0,2.0,26.31,22852908,0.73674,0.05841
suv,15.695,4.945,2.789,4.776,2.098,1.725,2.0,9.2,26.04,8203631,0.38792,0.14043
flat_plate,4.476,0.013,0.801,0.038,1.352,1.103,0.0,0.0,31.8,79710,1.20585,-0.01019
airfoil,3.085,0.169,0.118,1.73,1.429,0.083,0.0,11.5,63.19,7210996,0.0385,1.27028
fsae,6.764,1.595,1.464,4.094,1.609,1.047,24.7,3.6,27.51,7429152,0.90799,-2.42677
sphere,4.315,4.588,1.32,1.393,1.176,1.42,0.0,0.0,6.19,568778,0.10126,0.00681
cylinder,4.886,1.237,0.859,2.879,0.271,0.853,0.0,0.0,46.19,8771834,0.29135,-0.00643
suv,15.745,5.063,3.2,5.086,2.074,1.766,0.4,0.1,31.1,10433681,0.36405,0.15268
flat_plate,2.649,0.011,0.97,0.048,1.421,1.501,0.0,0.0,24.26,76813,1.21509,0.00795
sphere,10.469,4.046,0.233,0.172,0.684,0.911,0.0,0.0,9.38,106422,0.44543,0.00956
flat_plate,1.579,0.026,2.966,0.049,1.796,0.864,0.0,0.0,21.81,70494,1.25785,0.00704
airfoil,3.416,0.426,0.055,1.302,0.54,0.22,0.0,2.1,47.57,4085497,0.00632,0.22903
cylinder,7.508,1.425,0.583,0.854,0.506,0.784,0.0,0.0,5.55,312645,0.86913,-0.00299
airfoil,3.484,0.479,0.05,1.131,1.298,0.126,0.0,8.7,20.19,1506259,0.01339,0.92816
cylinder,4.435,0.801,1.629,2.346,0.546,0.187,0.0,0.0,6.06,937781,0.29864,0.01082
sedan,8.066,3.147,1.818,4.103,1.658,1.343,1.9,11.1,30.4,8227652,0.27549,0.16251
wedge,3.0,0.479,1.222,1.555,0.589,0.789,0.0,15.2,23.24,2383786,0.45708,0.12358
sedan,8.335,3.838,2.226,4.116,1.601,1.364,4.8,11.7,49.92,13553478,0.26505,0.24152
sedan,12.963,3.639,1.865,5.0,1.687,1.375,3.1,19.8,39.59,13057388,0.31434,0.2327
sedan,9.827,3.292,2.299,4.843,1.679,1.307,3.9,14.7,28.92,9238757,0.24615,0.17242
sedan,8.252,4.018,1.989,4.027,1.82,1.358,4.8,11.7,35.64,9467169,0.26278,0.18378
truck,33.5,25.468,7.933,12.528,2.57,3.745,0.0,1.4,27.73,22915662,0.65525,0.09289
sphere,9.497,4.935,1.926,0.63,0.361,1.433,0.0,0.0,8.82,366530,0.33525,-0.00478
sedan,8.083,3.588,2.367,4.045,1.705,1.461,3.5,16.1,21.75,5803348,0.25907,0.15046
wedge,4.774,0.835,1.291,1.804,0.958,0.746,0.0,23.8,41.39,4925301,0.54057,0.16567
fsae,8.195,1.552,1.022,4.467,1.488,1.123,39.7,0.9,48.48,14284971,0.9631,-3.09381
sedan,8.786,2.977,2.232,4.856,1.696,1.358,0.0,15.1,21.14,6771493,0.25313,0.13211
wedge,3.221,1.771,0.604,1.09,0.714,0.399,0.0,17.1,24.75,1779518,0.46593,0.13901
cylinder,4.093,2.822,0.601,1.22,0.17,0.509,0.0,0.0,21.54,1733430,0.30207,0.00116
suv,15.635,4.983,2.656,4.462,1.934,1.762,1.6,0.2,40.25,11846669,0.35619,0.17873
sedan,8.564,3.026,2.018,4.568,1.792,1.318,0.8,17.2,31.96,9630164,0.24463,0.20692
sedan,8.522,4.074,2.142,4.547,1.81,1.407,3.2,14.7,48.44,14528805,0.25021,0.23602
fsae,6.915,1.591,1.099,4.013,1.493,1.244,17.5,4.7,26.2,6935396,0.86505,-2.20267
fsae,6.81,1.426,1.556,4.372,1.312,1.005,28.4,4.3,47.63,13736040,0.90373,-2.65797
suv,15.419,4.821,2.904,4.523,1.979,1.864,0.8,0.7,34.55,10308024,0.36112,0.16117
cylinder,3.254,2.957,0.88,2.628,0.395,0.399,0.0,0.0,42.03,7285939,0.30254,-0.00369
sedan,9.012,4.037,2.32,4.254,1.616,1.323,1.0,12.6,25.23,7079711,0.25711,0.13943
suv,15.417,5.672,2.996,4.717,1.909,1.864,2.0,1.3,21.52,6695900,0.36945,0.13405
fsae,7.723,1.314,1.141,3.367,1.65,1.224,38.3,2.2,34.43,7646821,0.96134,-3.17568
cylinder,2.672,1.377,1.461,0.613,0.908,0.785,0.0,0.0,43.93,1776325,0.30333,-0.01575
ahmed_body,4.703,0.728,0.111,0.993,0.375,0.252,0.0,35.1,44.95,2944284,0.33737,0.09611
ahmed_body,4.711,0.655,0.096,1.068,0.394,0.27,0.0,12.5,52.64,3708412,0.27914,0.05192
airfoil,3.222,0.327,0.059,1.756,1.207,0.195,0.0,8.9,66.72,7728253,0.01439,0.94405
sedan,8.278,3.068,2.027,4.564,1.718,1.331,3.9,10.9,22.72,6839979,0.26125,0.13502
ahmed_body,4.619,0.894,0.084,0.956,0.378,0.274,0.0,10.4,20.08,1266259,0.27397,0.06335
truck,51.302,41.046,9.605,10.959,2.545,3.619,0.0,3.1,22.62,16351753,0.68577,0.07381
airfoil,2.206,0.417,0.112,1.539,1.951,0.151,0.0,11.3,62.55,6349898,0.03411,1.19273
suv,13.127,4.677,2.795,4.767,2.057,1.688,2.6,2.5,31.72,9974224,0.36293,0.15821
airfoil,0.747,0.388,0.14,0.696,1.174,0.16,0.0,0.9,37.35,1714749,0.00601,0.11904
sedan,10.168,3.512,1.912,4.282,1.719,1.338,3.5,13.5,37.32,10541177,0.25541,0.18914
fsae,5.976,0.829,1.359,4.089,1.516,1.036,20.6,1.6,35.37,9540101,0.89409,-2.33381
sedan,9.78,3.151,1.807,4.413,1.748,1.433,0.4,12.5,40.84,11888319,0.26226,0.20872
cylinder,6.827,2.036,1.7,1.419,0.447,0.377,0.0,0.0,5.69,532593,0.30827,0.01251
fsae,6.252,1.315,1.469,4.132,1.45,1.234,29.4,0.2,43.32,11807272,0.92742,-2.85075
cylinder,3.106,2.883,1.955,1.338,0.478,0.348,0.0,0.0,37.96,3350296,0.29177,0.00302
airfoil,2.289,0.414,0.035,0.934,0.513,0.188,0.0,4.8,39.92,2459451,0.00831,0.49967
ahmed_body,3.881,0.903,0.101,1.146,0.374,0.268,0.0,31.7,40.95,3095561,0.32457,0.13305
cylinder,3.19,1.436,1.584,1.326,0.892,0.697,0.0,0.0,12.34,1079343,0.29555,-0.00921
fsae,6.497,1.116,1.529,3.578,1.498,1.095,31.1,1.6,48.82,11522293,0.9419,-2.77127
airfoil,3.663,0.109,0.061,0.631,0.309,0.099,0.0,3.6,35.44,1475108,0.00703,0.385
fsae,7.303,1.208,1.168,3.733,1.668,1.133,43.4,2.0,16.39,4035875,1.01862,-3.05436
ahmed_body,4.301,0.6,0.087,1.028,0.411,0.318,0.0,5.0,49.66,3367446,0.26045,0.03801
airfoil,2.114,0.125,0.081,0.825,0.58,0.102,0.0,9.5,57.02,3103001,0.0153,1.04707
ahmed_body,3.688,0.922,0.083,0.916,0.406,0.293,0.0,36.1,51.19,3093011,0.34705,0.12862
fsae,8.042,0.846,1.298,3.747,1.427,1.09,18.2,1.0,38.42,9496025,0.85605,-2.29594
airfoil,3.772,0.296,0.062,1.791,0.474,0.219,0.0,0.2,61.89,7311675,0.00626,0.02608
flat_plate,4.652,0.046,2.336,0.024,1.85,1.508,0.0,0.0,38.37,60744,1.24459,-0.001
cylinder,6.493,1.269,0.979,2.733,0.825,0.503,0.0,0.0,28.72,5177557,0.29589,-0.0047
truck,45.052,35.142,7.184,8.633,2.551,3.666,0.0,0.3,23.86,13587294,0.70252,0.08515
wedge,1.244,1.326,0.795,2.494,0.852,0.9,0.0,33.5,37.86,6228420,0.61225,0.22072
cylinder,3.228,0.831,1.533,1.338,0.537,0.283,0.0,0.0,40.44,3569177,0.28968,-0.0061
sphere,10.117,2.843,2.941,0.476,0.26,1.352,0.0,0.0,28.76,903018,0.10028,0.00723
wedge,1.875,0.551,0.858,2.239,1.207,0.894,0.0,14.1,43.83,6473309,0.42526,0.09921
sedan,9.861,3.653,2.198,4.988,1.75,1.472,2.6,18.0,34.27,11275644,0.24301,0.21114
sphere,2.62,4.41,0.931,0.887,0.871,0.838,0.0,0.0,18.06,1056677,0.10084,0.00418
cylinder,6.307,2.804,0.279,2.708,0.331,0.44,0.0,0.0,20.96,3744042,0.29693,0.00906
fsae,8.078,1.487,1.095,3.977,1.576,1.143,16.3,0.8,29.79,7814962,0.86616,-2.06366
sphere,10.833,3.798,0.603,1.489,0.228,0.234,0.0,0.0,48.84,4797016,0.09354,-0.01206
wedge,1.493,1.835,1.457,1.817,0.6,0.767,0.0,47.5,16.0,1917678,0.76605,0.27953
suv,16.148,6.625,2.985,4.747,2.005,1.878,2.0,5.0,28.14,8811384,0.37724,0.12479
cylinder,4.681,0.333,1.435,2.41,0.446,0.821,0.0,0.0,12.91,2052315,0.30011,0.00251
cylinder,2.223,2.8,0.967,2.307,0.196,0.599,0.0,0.0,13.91,2116779,0.29822,-0.0051
cylinder,5.863,1.552,1.544,2.506,0.352,0.673,0.0,0.0,7.21,1191838,0.30559,0.00645
sedan,8.091,3.11,2.015,4.547,1.804,1.337,4.6,19.9,30.56,9165984,0.30657,0.2131
sphere,11.238,0.934,1.341,1.251,1.123,0.554,0.0,0.0,17.01,1403662,0.0992,0.00044
fsae,5.791,1.377,1.289,3.953,1.409,1.103,39.6,1.8,22.69,5916462,0.96844,-3.03843
ahmed_body,3.942,0.644,0.11,1.169,0.351,0.283,0.0,14.2,56.57,4362159,0.25651,0.07344
suv,13.608,4.585,3.15,4.393,2.04,1.628,1.6,9.8,40.68,11788077,0.37352,0.181
ahmed_body,3.659,0.97,0.105,1.029,0.383,0.287,0.0,15.2,50.94,3457603,0.25827,0.06273
cylinder,5.754,0.109,1.304,1.688,0.798,0.837,0.0,0.0,32.4,3607599,0.2923,0.01653
wedge,1.637,0.953,0.392,2.018,0.673,0.987,0.0,21.7,31.54,4198398,0.50297,0.16132
wedge,1.109,1.486,0.745,0.922,0.689,0.411,0.0,15.2,11.37,691500,0.45874,0.13752
airfoil,0.949,0.221,0.047,1.462,1.129,0.101,0.0,1.4,30.28,2920142,0.00626,0.13137
sedan,8.233,3.158,2.069,4.315,1.878,1.474,3.9,14.2,31.91,9082563,0.25354,0.15457
sphere,2.11,1.853,1.958,1.167,1.076,0.972,0.0,0.0,38.73,2981392,0.10073,0.00511
sphere,11.329,2.192,0.542,1.461,0.361,1.274,0.0,0.0,32.48,3130164,0.09733,-0.01029
fsae,7.411,1.07,1.134,4.25,1.307,1.234,19.7,2.9,44.97,12607025,0.86641,-2.14708
truck,48.308,34.259,8.489,8.425,2.563,3.726,0.0,2.7,26.55,14754865,0.735,0.08382
fsae,7.385,0.926,1.091,3.228,1.637,1.268,37.3,1.3,31.48,6702997,0.96493,-3.06257
fsae,5.797,1.345,1.311,3.577,1.645,1.254,31.3,1.6,19.28,4549113,0.93519,-2.79368
sedan,8.954,4.207,2.084,4.74,1.71,1.36,4.7,17.9,28.33,8857797,0.24195,0.17843
sedan,10.578,4.135,2.241,4.462,1.621,1.485,3.5,19.2,29.38,8647332,0.29894,0.20582
ahmed_body,4.79,0.742,0.094,0.944,0.395,0.289,0.0,32.5,22.88,1424718,0.33331,0.13037
airfoil,2.538,0.48,0.037,1.536,1.405,0.215,0.0,10.7,60.13,6092327,0.02257,1.14633
sedan,9.693,3.619,1.956,4.375,1.711,1.408,3.2,12.4,47.79,13791639,0.25663,0.21765
suv,14.267,5.831,2.978,4.999,1.931,1.827,1.7,3.1,29.47,9717713,0.37101,0.13582
cylinder,2.848,1.358,1.033,1.442,0.893,0.946,0.0,0.0,24.1,2292361,0.29849,-0.00041
sedan,11.365,3.928,2.037,4.391,1.839,1.43,4.9,16.4,32.04,9280187,0.24813,0.18576
airfoil,3.177,0.035,0.029,1.04,1.056,0.189,0.0,7.8,24.14,1656042,0.01215,0.8831
sedan,12.386,3.36,1.991,4.246,1.641,1.339,4.9,17.6,25.67,7189632,0.24219,0.17469
sedan,8.554,2.507,2.072,4.34,1.749,1.422,0.5,12.1,20.58,5891636,0.25187,0.11669
fsae,7.339,1.253,1.285,3.787,1.592,1.014,23.1,1.0,31.31,7821304,0.88828,-2.3241
sphere,8.782,2.457,2.612,1.052,0.193,0.7,0.0,0.0,22.59,1567591,0.09858,0.00405
wedge,1.268,1.637,1.298,1.404,1.304,0.749,0.0,44.6,40.11,3714673,0.70288,0.27803
ahmed_body,4.596,0.678,0.098,1.138,0.409,0.256,0.0,27.1,33.96,2549240,0.31152,0.1102
cylinder,7.235,1.969,1.526,2.045,0.646,0.861,0.0,0.0,14.87,2005881,0.301,-0.0042
ahmed_body,3.545,0.962,0.088,1.024,0.382,0.292,0.0,25.1,25.05,1692032,0.29884,0.08105
ahmed_body,4.008,0.924,0.097,1.007,0.415,0.271,0.0,36.5,30.9,2052526,0.34733,0.12116
cylinder,5.964,2.623,0.415,1.607,0.407,0.105,0.0,0.0,26.14,2770909,0.30783,0.00859
truck,31.062,39.825,8.456,13.408,2.527,4.021,0.0,1.0,31.27,27656211,0.73715,0.08088
cylinder,3.462,2.461,1.784,1.694,0.611,0.203,0.0,0.0,39.54,4418256,0.29033,-0.0099
suv,13.426,6.956,2.95,4.555,1.993,1.851,0.8,2.6,27.0,8112467,0.36131,0.15533
sphere,11.506,4.776,2.989,1.433,0.958,0.907,0.0,0.0,46.2,4367058,0.09339,-0.03535
fsae,6.354,1.581,1.345,3.335,1.637,1.143,35.2,1.6,38.63,8498090,0.95421,-2.85476
wedge,2.443,1.478,0.574,0.563,1.161,0.55,0.0,21.9,30.96,1149768,0.50269,0.15102
suv,14.827,6.828,2.766,4.357,1.941,1.791,0.5,4.5,41.02,11789191,0.3667,0.17755
sedan,11.824,2.508,2.065,4.684,1.743,1.436,1.1,10.9,32.63,10081723,0.2611,0.16381
ahmed_body,3.739,0.968,0.091,1.058,0.362,0.27,0.0,8.2,41.65,2906708,0.25764,0.05035
truck,32.982,25.557,9.447,10.949,2.532,3.919,0.0,1.7,27.67,19984092,0.67047,0.09688
wedge,1.851,0.71,0.608,0.831,0.531,0.555,0.0,22.1,38.58,2114774,0.51952,0.16791
airfoil,0.686,0.472,0.095,1.094,0.61,0.18,0.0,10.1,48.52,3501377,0.01613,1.14288
suv,15.532,6.003,3.038,5.141,1.841,1.86,2.1,4.1,31.0,10512599,0.38048,0.14787
cylinder,7.198,1.461,1.971,2.536,0.681,0.46,0.0,0.0,18.73,3133198,0.30064,-0.00931
ahmed_body,4.604,0.828,0.11,1.045,0.411,0.268,0.0,4.4,22.72,1566121,0.26266,0.03834
sedan,11.747,3.322,2.044,4.925,1.841,1.399,3.8,12.7,38.41,12478183,0.24473,0.19595
airfoil,3.099,0.219,0.115,1.022,0.917,0.238,0.0,9.1,20.38,1373902,0.01455,0.99555
suv,15.552,5.19,2.991,4.95,1.943,1.739,1.3,4.2,40.03,13070482,0.37893,0.16573
ahmed_body,3.862,0.941,0.089,1.108,0.406,0.263,0.0,2.3,36.79,2688873,0.25542,0.01839
airfoil,3.386,0.481,0.027,1.793,1.81,0.067,0.0,1.8,58.55,6924812,0.00622,0.19355
fsae,7.892,1.411,1.524,4.275,1.385,1.138,15.7,2.9,36.44,10275792,0.85684,-2.13951
fsae,7.177,1.221,1.514,4.28,1.381,1.219,35.6,2.9,49.04,13845066,0.95971,-3.07455
fsae,6.21,0.987,1.333,4.205,1.586,1.048,35.8,0.5,33.78,9369716,0.97131,-2.75375
ahmed_body,4.424,0.674,0.099,1.119,0.416,0.278,0.0,1.9,45.16,3333380,0.24818,0.03781
truck,30.279,44.082,6.043,13.027,2.47,3.956,0.0,0.7,27.69,23794039,0.67741,0.1032
sphere,1.778,1.346,0.493,0.673,1.013,0.686,0.0,0.0,47.63,2114445,0.10128,-0.01927
sphere,5.386,3.564,0.737,0.462,0.884,0.329,0.0,0.0,42.2,1286042,0.0999,0.00606
sedan,10.334,3.388,2.105,4.921,1.783,1.49,0.1,19.4,47.79,15512836,0.29249,0.27535
cylinder,1.595,1.983,0.399,1.696,0.767,0.656,0.0,0.0,45.31,5068982,0.30228,0.00612
airfoil,1.871,0.279,0.105,1.432,1.974,0.247,0.0,3.6,29.23,2761040,0.0075,0.40146
truck,49.156,38.786,6.854,13.41,2.409,4.073,0.0,4.3,25.36,22432559,0.6592,0.06913
sedan,10.847,3.393,2.086,4.476,1.78,1.388,0.2,15.7,40.0,11810026,0.24873,0.21971
sedan,12.884,3.657,2.348,4.747,1.89,1.363,1.9,12.8,48.79,15277449,0.24951,0.25312
sedan,8.721,4.366,2.118,4.027,1.808,1.329,2.7,18.1,23.14,6146753,0.29747,0.16798
sedan,9.806,4.143,2.296,4.446,1.799,1.467,3.2,16.7,33.66,9871528,0.24596,0.18295
cylinder,6.709,0.452,1.683,1.247,0.513,0.336,0.0,0.0,29.05,2389535,0.28902,-0.01523
ahmed_body,4.004,0.708,0.08,1.097,0.378,0.28,0.0,11.7,56.31,4074675,0.27526,0.05493
fsae,8.111,1.242,1.197,3.318,1.493,1.185,31.8,1.5,43.5,9520646,0.92317,-2.71396
suv,17.906,6.957,2.997,5.094,2.065,1.603,1.3,8.7,27.81,9344600,0.38841,0.14457
wedge,5.734,1.798,0.266,1.883,1.251,0.734,0.0,35.0,35.93,4462809,0.63359,0.24483
ahmed_body,4.946,0.872,0.09,1.102,0.397,0.299,0.0,39.4,47.59,3459379,0.33846,0.12324
airfoil,3.743,0.107,0.124,1.493,0.685,0.182,0.0,8.0,74.09,7296594,0.01228,0.88635
ahmed_body,4.745,0.886,0.088,1.176,0.363,0.314,0.0,28.6,21.18,1642987,0.31209,0.08961
cylinder,6.396,2.317,1.046,1.173,0.965,0.477,0.0,0.0,15.83,1224841,0.29188,-0.00913
fsae,7.133,0.92,1.168,3.243,1.606,1.104,27.0,3.6,17.62,3769239,0.92709,-2.58588
sedan,12.308,4.493,1.904,4.385,1.872,1.476,2.6,19.1,43.11,12469482,0.30331,0.24608
wedge,2.003,1.606,0.42,2.397,0.736,0.69,0.0,45.4,48.33,7641623,0.77006,0.2752
sedan,11.316,4.138,2.053,4.221,1.656,1.425,0.1,12.7,42.05,11707985,0.25458,0.19711
cylinder,2.287,2.652,1.438,2.468,0.602,0.539,0.0,0.0,43.52,7084918,0.29477,0.00232
airfoil,0.938,0.394,0.088,1.402,1.849,0.225,0.0,1.3,51.78,4788625,0.00626,0.14569
suv,13.927,5.539,3.02,4.514,1.9,1.809,2.6,4.8,31.41,9352555,0.37665,0.15429
fsae,6.064,1.033,1.468,3.89,1.585,1.195,31.2,2.2,43.59,11185033,0.9089,-2.79612
sphere,1.784,2.434,1.95,1.228,1.369,0.334,0.0,0.0,29.28,2371757,0.10053,-0.00839
sedan,12.135,2.954,2.159,4.53,1.833,1.402,4.8,10.0,27.73,8286075,0.26732,0.15453
flat_plate,1.794,0.014,0.382,0.029,0.686,0.601,0.0,0.0,28.38,54289,1.20866,0.01036
sedan,11.924,3.136,1.989,4.638,1.773,1.454,0.7,16.1,21.86,6687776,0.24236,0.16762
airfoil,0.502,0.478,0.169,1.098,0.633,0.234,0.0,1.1,70.77,5125690,0.00634,0.12777
sphere,9.341,4.576,2.048,1.159,0.777,0.803,0.0,0.0,17.01,1300435,0.09801,-0.00582
wedge,5.915,1.334,1.36,0.982,0.629,0.927,0.0,20.8,16.05,1039650,0.48041,0.16662
fsae,6.202,1.427,1.261,3.554,1.679,1.232,41.1,0.3,48.09,11273869,0.96885,-3.05938
ahmed_body,3.509,0.877,0.085,0.909,0.382,0.283,0.0,16.3,38.06,2282094,0.27055,0.07249
ahmed_body,4.973,0.608,0.092,1.199,0.399,0.251,0.0,30.1,26.8,2119604,0.32495,0.11316
wedge,3.484,0.296,0.722,2.481,1.026,0.352,0.0,58.1,28.65,4688697,0.88343,0.33612
fsae,7.567,1.157,1.314,3.908,1.554,1.064,24.0,1.1,43.2,11136253,0.90008,-2.51874
sphere,4.006,0.996,1.703,0.38,1.327,0.874,0.0,0.0,31.96,801108,0.10157,0.00791
sedan,11.018,4.107,1.944,4.225,1.794,1.474,4.6,16.4,20.66,5757817,0.25487,0.15286
sedan,10.636,4.406,2.167,4.835,1.847,1.344,2.2,19.9,31.27,9972985,0.30994,0.19951
suv,13.124,5.172,2.931,4.796,1.953,1.796,2.1,1.9,39.85,12606900,0.35644,0.17344
suv,14.526,5.414,2.671,5.183,1.889,1.748,0.2,3.7,35.48,12130135,0.36065,0.17351
sphere,1.357,0.724,0.476,0.294,1.263,0.484,0.0,0.0,13.33,258511,0.43456,0.0087
fsae,7.052,1.272,1.055,3.803,1.417,1.094,21.8,1.1,34.29,8601904,0.87651,-2.21763
sphere,0.742,1.55,1.456,0.688,0.646,0.419,0.0,0.0,21.76,987525,0.10125,-0.00473
sedan,11.301,3.392,1.946,4.905,1.725,1.462,3.7,12.3,27.06,8755231,0.25942,0.14444
flat_plate,1.809,0.013,1.073,0.035,0.652,0.845,0.0,0.0,38.38,88608,1.27269,-0.0033
suv,15.076,4.762,2.703,4.475,1.885,1.873,2.3,8.8,27.79,8203183,0.3852,0.15163
suv,17.16,5.434,3.028,4.903,1.895,1.8,1.6,1.3,29.06,9398495,0.37745,0.14587
truck,40.371,36.773,7.868,8.827,2.547,3.811,0.0,1.7,26.71,15552056,0.7543,0.07957
fsae,6.754,1.147,1.324,3.233,1.473,1.295,43.8,1.1,39.96,8521813,1.00783,-3.3936
sedan,9.116,4.251,2.117,4.576,1.813,1.494,0.9,16.5,23.11,6975683,0.24867,0.14289
cylinder,5.796,3.0,0.957,1.86,0.39,0.119,0.0,0.0,44.02,5400871,0.29511,-0.00585
suv,13.21,4.452,2.775,4.382,1.806,1.704,2.0,5.2,39.29,11356780,0.3654,0.17548
truck,49.73,25.903,6.51,9.481,2.468,3.809,0.0,2.5,34.1,21325996,0.65769,0.07591
suv,14.248,4.654,2.87,4.354,1.986,1.677,1.9,9.0,43.38,12458873,0.3714,0.17897
ahmed_body,3.7,0.768,0.101,0.91,0.39,0.279,0.0,33.4,47.68,2862058,0.33093,0.12056
sedan,9.565,2.823,2.333,4.4,1.72,1.361,3.8,17.7,30.73,8918997,0.25032,0.1898
cylinder,2.105,1.078,0.703,2.504,0.624,0.905,0.0,0.0,11.87,1960586,0.29665,0.00116
airfoil,3.458,0.393,0.043,0.705,1.312,0.125,0.0,11.6,44.49,2068961,0.0399,1.21773
ahmed_body,3.869,0.718,0.094,1.103,0.394,0.318,0.0,16.6,21.74,1581743,0.27078,0.08122
fsae,6.078,0.816,1.218,4.025,1.436,1.108,32.4,0.2,27.17,7213671,0.93124,-2.88348
cylinder,7.986,2.657,1.525,1.73,0.593,0.449,0.0,0.0,49.54,5653311,0.30521,0.01249
fsae,7.056,0.985,1.041,4.265,1.479,1.264,44.9,4.0,38.22,10752526,1.01313,-3.36781
truck,34.248,30.894,9.583,9.777,2.442,3.954,0.0,0.1,32.36,20869639,0.67453,0.09896
cylinder,3.64,0.573,1.907,1.797,0.679,0.961,0.0,0.0,46.27,5484643,0.29237,-0.01141
sedan,10.654,3.076,2.075,4.317,1.736,1.388,1.9,10.7,48.5,13810983,0.26415,0.23056
suv,13.99,6.042,2.696,4.462,1.883,1.741,2.1,6.0,37.33,10987234,0.37398,0.18493
sphere,2.464,1.177,2.99,0.273,1.369,1.228,0.0,0.0,26.59,478830,0.13357,0.0064
fsae,8.277,1.204,1.101,3.997,1.584,1.171,43.8,3.5,32.98,8695321,1.00884,-3.0752
fsae,7.64,0.885,1.153,3.562,1.628,1.24,37.4,0.7,39.37,9250392,0.97524,-3.03209
cylinder,4.628,2.834,1.996,1.359,0.721,0.125,0.0,0.0,23.16,2076150,0.28664,-0.03663
sedan,10.848,2.809,2.117,4.449,1.895,1.31,4.1,16.2,35.16,10318393,0.24306,0.22505
wedge,4.583,0.658,1.476,1.63,1.226,0.662,0.0,32.0,36.26,3898668,0.61017,0.20135
fsae,7.452,1.079,1.272,3.616,1.306,1.222,28.1,2.7,35.86,8553414,0.92449,-2.51228
airfoil,1.179,0.332,0.179,1.503,1.63,0.183,0.0,11.9,59.27,5876175,0.04541,1.27719
airfoil,0.881,0.027,0.083,0.558,1.729,0.074,0.0,0.0,68.91,2536397,0.00625,-0.00196
sedan,11.419,2.605,2.254,4.801,1.646,1.355,2.4,17.6,28.2,8930620,0.24445,0.15397
sphere,2.299,1.345,0.971,0.175,1.058,1.153,0.0,0.0,49.2,567942,0.09951,-0.02165
flat_plate,4.585,0.024,1.154,0.044,1.836,1.696,0.0,0.0,9.06,26296,1.22607,0.00226
airfoil,3.542,0.191,0.161,0.928,1.578,0.036,0.0,1.4,23.44,1434850,0.00636,0.16004
wedge,3.997,0.292,0.565,1.631,0.553,0.508,0.0,29.2,43.5,4679980,0.58486,0.19982
suv,13.964,5.688,2.568,4.77,1.934,1.726,0.8,8.4,21.98,6915871,0.37413,0.1169
cylinder,1.585,2.636,0.378,0.507,0.426,0.626,0.0,0.0,42.89,1434382,0.29564,0.00465
ahmed_body,4.959,0.905,0.087,0.922,0.375,0.26,0.0,19.6,54.0,3284169,0.2751,0.08023
flat_plate,1.851,0.007,1.54,0.019,0.882,0.984,0.0,0.0,7.53,9437,1.27913,-0.00842
cylinder,4.007,1.882,0.448,2.48,0.843,0.909,0.0,0.0,32.06,5244644,0.29184,-0.0207
sphere,10.986,1.894,2.445,0.455,1.455,1.46,0.0,0.0,44.11,1323882,0.10155,0.00709
sedan,12.844,2.753,1.836,4.394,1.821,1.449,2.9,14.8,35.0,10144459,0.23959,0.20448
suv,15.219,5.325,3.068,4.559,1.974,1.715,0.2,4.6,37.83,11376449,0.3818,0.18191
ahmed_body,3.895,0.822,0.103,1.188,0.39,0.294,0.0,37.3,55.78,4371150,0.32752,0.10805
wedge,2.665,0.697,1.285,1.842,0.588,0.33,0.0,49.0,20.54,2495691,0.76585,0.29137
sedan,11.25,2.855,2.352,4.89,1.846,1.423,0.7,14.7,29.98,9670330,0.24896,0.1687
suv,16.94,6.486,3.071,4.406,1.958,1.836,2.5,8.7,43.85,12744268,0.38222,0.19744
suv,16.546,5.785,3.148,5.156,2.085,1.876,2.5,3.3,35.27,11995522,0.35826,0.15907
airfoil,3.453,0.152,0.186,1.181,0.517,0.151,0.0,11.2,61.06,4756719,0.03208,1.29298
suv,13.079,6.662,3.108,4.769,1.948,1.867,0.9,0.6,38.54,12123830,0.36864,0.17724
fsae,6.488,1.163,1.324,3.663,1.666,1.098,42.5,2.6,41.58,10046672,0.96753,-3.27039
cylinder,6.054,1.731,1.715,2.754,0.894,0.136,0.0,0.0,26.8,4868549,0.30094,-0.00577
cylinder,4.993,0.589,0.931,1.431,0.694,0.434,0.0,0.0,36.14,3411368,0.29016,-0.0055
cylinder,4.773,2.372,0.973,2.916,0.995,0.937,0.0,0.0,36.48,7016865,0.28714,-0.00161
suv,17.687,6.56,2.565,5.019,2.025,1.76,2.7,3.4,35.52,11759557,0.36986,0.16863
fsae,6.808,0.894,1.49,3.545,1.542,1.107,39.5,3.1,45.91,10735551,0.9966,-3.05877
wedge,4.949,1.056,1.03,1.384,0.332,0.933,0.0,14.0,13.24,1208718,0.44383,0.1178
wedge,5.041,0.471,0.387,0.809,1.449,0.869,0.0,39.4,46.23,2467023,0.68492,0.23604
truck,40.87,32.723,6.55,14.033,2.526,4.188,0.0,4.7,27.1,25085376,0.7127,0.0773
fsae,7.747,1.516,1.301,4.468,1.519,1.028,30.8,3.0,44.35,13070963,0.92442,-2.87959
wedge,4.298,0.586,0.258,2.216,1.445,0.392,0.0,33.9,46.37,6778095,0.61543,0.21257
cylinder,7.781,2.522,1.625,1.182,0.879,0.545,0.0,0.0,25.72,2005346,0.28619,-0.0046
ahmed_body,3.501,0.752,0.1,1.002,0.375,0.264,0.0,15.4,33.91,2241281,0.26177,0.06988
fsae,5.903,1.456,1.436,3.47,1.578,1.172,44.5,4.4,31.58,7228404,0.9974,-3.3406
sedan,10.014,3.935,2.097,4.447,1.842,1.353,2.1,16.5,46.54,13651938,0.24791,0.24891
airfoil,2.81,0.244,0.2,1.72,1.622,0.141,0.0,1.4,47.07,5340396,0.00585,0.15069
truck,51.321,35.92,6.985,8.635,2.4,3.538,0.0,1.0,25.01,14245472,0.6962,0.09235
sedan,9.99,3.881,2.007,4.942,1.851,1.332,0.9,11.1,25.45,8296431,0.266,0.13985
cylinder,4.226,1.794,0.863,1.073,0.233,0.364,0.0,0.0,12.58,890392,0.30279,-0.00272
sphere,10.013,1.31,2.11,0.249,0.924,1.466,0.0,0.0,35.79,587844,0.09939,-0.00599
wedge,1.396,1.301,0.902,1.634,1.336,0.216,0.0,22.9,21.62,2330282,0.52693,0.17547
suv,12.498,5.008,3.101,4.484,1.95,1.607,2.9,5.8,43.31,12810161,0.36549,0.17871
sedan,12.881,3.641,2.023,4.17,1.652,1.3,1.6,10.1,32.44,8923140,0.26548,0.15686
suv,14.597,5.93,2.773,4.934,1.848,1.865,2.9,2.3,22.67,7378218,0.37494,0.13351
sphere,7.675,0.766,1.374,0.132,0.146,0.466,0.0,0.0,14.84,129214,0.45022,0.00424
airfoil,1.968,0.448,0.139,1.922,1.356,0.043,0.0,9.9,59.08,7490222,0.01587,1.03167
flat_plate,3.975,0.04,0.673,0.019,0.845,1.395,0.0,0.0,29.9,37474,1.22143,0.00043
suv,16.967,4.208,2.808,5.077,1.94,1.748,2.6,7.2,34.49,11550510,0.38727,0.15427
flat_plate,0.888,0.001,0.966,0.038,1.189,1.988,0.0,0.0,38.58,96704,1.22188,0.01406
ahmed_body,3.59,0.908,0.094,1.023,0.392,0.311,0.0,18.8,38.8,2618232,0.27153,0.07654
fsae,6.164,0.859,1.464,3.723,1.68,1.126,36.8,2.6,18.22,4474476,0.96588,-3.05641
ahmed_body,4.361,0.804,0.098,1.133,0.394,0.259,0.0,5.3,29.18,2180801,0.25687,0.03749
airfoil,1.395,0.167,0.024,0.703,1.779,0.201,0.0,8.3,50.27,2331122,0.01253,0.89258
ahmed_body,4.616,0.815,0.091,0.901,0.41,0.313,0.0,6.3,49.36,2933599,0.25368,0.02444
fsae,7.089,1.127,1.361,4.241,1.348,1.226,23.0,1.4,35.11,9821999,0.89575,-2.51014
sphere,5.532,3.701,0.667,0.775,0.599,1.076,0.0,0.0,32.84,1678826,0.10171,-0.0234
wedge,1.235,1.48,0.698,2.301,0.34,0.249,0.0,32.2,15.17,2302518,0.61363,0.22305
sedan,8.269,3.868,2.315,4.193,1.82,1.381,2.0,10.1,40.27,11138002,0.25527,0.17522
cylinder,4.3,0.975,0.657,2.61,0.317,0.15,0.0,0.0,9.82,1690646,0.29556,0.01206
cylinder,6.849,0.86,0.351,2.937,0.865,0.177,0.0,0.0,16.82,3258598,0.29837,0.00894
sphere,4.769,0.406,2.285,1.381,1.257,0.443,0.0,0.0,12.65,1152352,0.09924,-0.0118
ahmed_body,4.842,0.938,0.113,1.178,0.353,0.286,0.0,22.4,37.75,2933344,0.28715,0.0879
airfoil,0.84,0.496,0.122,1.905,1.405,0.129,0.0,6.5,79.2,9952243,0.0104,0.73102
sphere,5.749,3.214,0.372,1.427,0.697,0.426,0.0,0.0,49.52,4661282,0.09904,-0.00982
airfoil,3.056,0.077,0.169,0.623,1.267,0.176,0.0,0.3,26.6,1093127,0.0061,0.0341
wedge,2.569,0.292,1.088,1.68,0.684,0.746,0.0,56.7,37.24,4126860,0.8566,0.34291
ahmed_body,4.432,0.712,0.09,1.115,0.388,0.252,0.0,35.9,57.21,4207728,0.32357,0.12498
sedan,10.529,2.638,2.033,4.373,1.692,1.492,4.6,18.6,23.59,6804688,0.31284,0.17261
cylinder,1.573,2.403,1.123,1.468,0.801,0.44,0.0,0.0,21.24,2056749,0.29561,0.0125
ahmed_body,4.967,0.751,0.087,0.927,0.387,0.283,0.0,20.2,31.94,1953059,0.28006,0.06998
sedan,10.828,4.49,1.91,4.208,1.795,1.395,1.8,18.2,28.42,7888612,0.29582,0.18552
fsae,8.168,1.461,1.034,4.032,1.37,1.125,20.7,4.3,27.06,7196960,0.89492,-2.24458
airfoil,3.011,0.099,0.032,1.719,0.645,0.07,0.0,11.2,57.2,6485937,0.03256,1.19287
sedan,9.891,3.538,1.931,4.124,1.85,1.345,0.1,13.2,34.47,9376931,0.25389,0.19752
wedge,5.901,0.531,0.258,1.835,0.411,0.253,0.0,39.3,18.35,2221125,0.70497,0.26088
wedge,5.658,1.525,0.733,2.064,1.247,0.927,0.0,36.3,44.11,6005478,0.66415,0.23941
wedge,5.627,0.436,0.78,1.024,0.347,0.486,0.0,36.3,31.71,2141889,0.64926,0.2647
wedge,1.653,0.978,1.439,2.298,0.585,0.903,0.0,16.8,21.67,3284806,0.46205,0.11948
sphere,1.92,1.948,2.133,0.596,0.192,1.195,0.0,0.0,17.83,700968,0.10201,-4e-05
wedge,3.275,0.961,0.921,0.874,1.481,0.801,0.0,27.2,47.03,2711360,0.58126,0.18323
fsae,6.016,1.134,1.478,4.402,1.578,1.205,33.7,0.9,21.33,6193579,0.95061,-2.73263
fsae,6.088,1.347,1.141,4.221,1.376,1.279,40.8,1.9,49.05,13656995,0.97136,-3.24429
sphere,9.09,4.306,0.468,0.924,0.154,1.31,0.0,0.0,7.89,480894,0.13222,-0.01456
sedan,8.476,4.231,2.293,4.449,1.722,1.339,0.1,18.6,39.75,11665419,0.31082,0.2472
fsae,6.887,1.341,1.001,4.071,1.539,1.164,33.1,1.4,48.98,13152875,0.94645,-2.73607
airfoil,2.315,0.42,0.119,1.89,0.636,0.062,0.0,5.2,23.21,2893595,0.00872,0.56913
ahmed_body,4.509,0.68,0.112,1.029,0.395,0.258,0.0,27.9,44.15,2996725,0.30647,0.09969
suv,12.589,5.897,3.034,5.075,2.044,1.855,2.8,0.8,36.01,12054799,0.36747,0.17057
sedan,11.099,2.842,2.067,4.402,1.728,1.349,4.1,15.3,41.27,11983545,0.24394,0.20853
airfoil,1.71,0.167,0.024,1.349,1.077,0.043,0.0,7.4,38.63,3437458,0.01106,0.80072
wedge,2.456,0.976,1.493,2.033,0.484,0.333,0.0,57.3,24.82,3328434,0.88693,0.34349
fsae,6.421,1.39,1.048,3.971,1.654,1.206,27.7,2.0,19.23,5037093,0.88577,-2.462
sphere,10.256,2.21,0.361,1.125,0.939,0.154,0.0,0.0,49.06,3640666,0.10142,0.0071
sphere,5.429,2.42,2.583,1.491,0.512,1.438,0.0,0.0,35.2,3461953,0.10148,-0.01232
sedan,10.152,2.976,2.267,4.034,1.768,1.307,1.8,12.9,26.87,7149972,0.26306,0.17101
sphere,6.388,3.856,2.705,1.183,0.632,0.853,0.0,0.0,8.72,680459,0.10075,0.01385
fsae,6.107,1.478,1.107,3.514,1.658,1.282,33.6,1.7,35.95,8333001,0.93822,-2.9003
sedan,11.84,2.997,1.857,4.719,1.85,1.402,2.9,19.2,25.03,7791330,0.30812,0.15906
wedge,3.291,1.814,1.012,2.311,1.29,0.834,0.0,28.1,27.58,4204313,0.56463,0.19084
truck,36.828,28.189,8.706,12.464,2.564,3.856,0.0,3.6,32.13,26416116,0.74295,0.06572
fsae,5.914,1.415,1.096,3.795,1.358,1.084,33.6,4.6,17.32,4335712,0.92101,-2.90626
sphere,3.724,3.323,0.951,1.484,0.769,0.978,0.0,0.0,7.67,750810,0.10314,0.01896
suv,16.029,6.473,2.578,5.083,1.935,1.842,1.2,0.6,34.43,11544043,0.36883,0.15821
cylinder,5.981,1.743,1.028,2.546,0.437,0.925,0.0,0.0,27.37,4596571,0.28618,0.00321
fsae,8.306,0.987,1.362,3.491,1.504,1.174,18.8,5.0,31.76,7313599,0.87405,-2.4096
wedge,2.592,1.069,1.335,1.946,0.764,0.724,0.0,35.6,20.56,2639166,0.64754,0.23364
truck,42.992,36.509,7.372,9.092,2.581,3.823,0.0,2.5,21.7,13014274,0.6707,0.07578
airfoil,2.511,0.221,0.097,1.035,0.467,0.219,0.0,1.0,33.67,2298710,0.00605,0.10962
sedan,9.25,2.746,2.262,4.013,1.744,1.325,1.4,16.5,27.37,7245106,0.25147,0.18231
fsae,6.836,1.212,1.403,4.21,1.698,1.009,22.3,1.3,46.9,13024340,0.88148,-2.37835
ahmed_body,4.864,0.798,0.114,0.998,0.401,0.313,0.0,24.4,25.56,1682644,0.28524,0.07903
truck,40.083,21.305,8.567,11.857,2.427,3.932,0.0,0.5,26.87,21015672,0.68862,0.08948
truck,34.914,31.422,6.532,15.869,2.587,4.054,0.0,4.8,32.96,34501467,0.72543,0.07284
sedan,10.736,4.152,2.371,4.614,1.828,1.473,1.6,14.9,44.42,13519385,0.2604,0.24383
ahmed_body,3.995,0.603,0.097,1.002,0.397,0.259,0.0,0.8,43.72,2889673,0.24616,0.02513
fsae,7.24,1.174,1.345,4.346,1.578,1.035,39.1,2.5,35.93,10300249,0.98092,-3.0193
airfoil,2.448,0.318,0.181,1.894,0.783,0.054,0.0,10.3,72.91,9108941,0.01857,1.14796
ahmed_body,4.983,0.912,0.102,1.171,0.375,0.317,0.0,3.4,49.44,3818881,0.2553,0.03736
cylinder,7.229,0.703,0.478,2.707,0.401,0.344,0.0,0.0,6.23,1112441,0.30087,0.00221
cylinder,2.465,1.191,0.995,1.778,0.758,0.122,0.0,0.0,15.37,1802629,0.30164,0.01036
wedge,5.02,0.718,1.353,1.161,0.406,0.796,0.0,13.5,40.11,3071749,0.42891,0.12758
airfoil,2.096,0.035,0.059,1.949,1.143,0.177,0.0,11.6,51.79,6658226,0.03864,1.31738
sphere,6.189,1.329,2.577,1.142,0.195,0.683,0.0,0.0,34.55,2602645,0.09651,-0.01186
wedge,2.136,0.995,0.628,2.235,0.569,0.408,0.0,16.7,24.26,3576590,0.45588,0.13016
truck,32.069,42.74,7.202,14.399,2.419,3.942,0.0,3.7,24.79,23545594,0.68302,0.08057
sphere,5.07,2.027,2.129,0.884,1.091,0.993,0.0,0.0,8.7,507309,0.09794,-0.00848
sphere,5.208,3.491,1.231,0.901,0.954,0.108,0.0,0.0,28.02,1665305,0.09786,-0.01782
sphere,6.078,2.546,1.934,1.226,1.481,0.349,0.0,0.0,30.67,2480305,0.09896,0.00644
flat_plate,2.788,0.015,2.775,0.025,1.187,0.723,0.0,0.0,39.12,64512,1.2312,-0.0071
wedge,5.615,0.597,1.311,2.144,0.986,0.784,0.0,25.9,21.07,2979821,0.56067,0.19142
sphere,10.585,2.54,0.219,1.063,1.481,0.328,0.0,0.0,31.45,2205234,0.09967,-0.00344
fsae,7.883,1.477,1.423,4.139,1.545,1.037,20.7,0.7,30.6,8354446,0.85421,-2.287
sedan,11.31,4.104,2.321,4.91,1.612,1.451,2.0,19.4,33.55,10866128,0.30154,0.20551
airfoil,2.855,0.34,0.159,1.746,1.647,0.073,0.0,4.3,49.51,5702141,0.008,0.4685
sedan,8.878,3.966,2.15,4.801,1.778,1.334,3.9,18.8,39.76,12591541,0.28668,0.24226
airfoil,3.965,0.156,0.107,1.068,0.757,0.173,0.0,1.5,37.85,2666478,0.00623,0.15728
cylinder,5.407,1.29,1.276,1.356,0.518,0.243,0.0,0.0,33.98,3039372,0.29645,0.00661
flat_plate,3.221,0.013,1.697,0.018,1.674,0.576,0.0,0.0,17.08,20280,1.24191,-0.00025
airfoil,2.421,0.104,0.033,0.696,0.431,0.074,0.0,6.1,57.28,2629741,0.00961,0.67135
suv,17.808,6.546,2.821,4.558,1.917,1.899,1.0,8.0,35.42,10649364,0.37444,0.16913
sphere,3.263,1.881,0.778,1.444,1.115,0.552,0.0,0.0,41.95,3995765,0.10219,0.00329
fsae,6.707,1.244,1.042,3.735,1.417,1.203,15.4,3.6,41.08,10120963,0.86362,-2.05964
airfoil,3.742,0.448,0.179,0.999,0.316,0.245,0.0,7.8,69.57,4584461,0.01243,0.86807
cylinder,6.606,0.102,0.184,1.801,0.294,0.98,0.0,0.0,19.67,2336786,0.29947,-0.0129
flat_plate,4.489,0.005,2.301,0.011,0.716,1.065,0.0,0.0,11.55,8381,1.18529,-0.01396
sedan,9.23,2.772,2.192,4.41,1.858,1.434,0.3,11.4,49.37,14361590,0.26573,0.24882
wedge,2.158,1.348,1.044,0.633,1.424,0.648,0.0,15.3,18.81,785404,0.46733,0.12159
sphere,8.788,1.82,1.865,0.728,1.063,0.335,0.0,0.0,39.57,1900195,0.09979,0.0031
sedan,12.34,3.939,1.872,4.727,1.675,1.489,4.9,10.9,36.21,11290546,0.26298,0.18014
flat_plate,0.558,0.039,1.612,0.045,1.834,1.126,0.0,0.0,5.3,15732,1.22632,0.02389
wedge,1.369,1.232,0.592,1.885,0.36,0.331,0.0,19.2,37.87,4708770,0.4861,0.13692
flat_plate,4.403,0.024,1.483,0.011,1.542,1.036,0.0,0.0,25.08,18198,1.28739,-0.00479
flat_plate,3.311,0.041,1.67,0.022,1.251,1.161,0.0,0.0,38.24,55493,1.27185,0.0042
sedan,10.629,2.518,1.908,4.298,1.706,1.496,3.4,18.2,26.77,7589542,0.29513,0.18164
airfoil,3.305,0.308,0.024,1.349,0.783,0.199,0.0,3.7,40.27,3583392,0.00729,0.42255
cylinder,7.866,2.947,1.35,2.985,0.308,0.995,0.0,0.0,17.47,3439838,0.29351,0.00318
cylinder,3.865,0.836,1.691,0.534,0.23,0.227,0.0,0.0,25.5,898219,0.29042,-0.00324
sedan,12.501,4.153,2.333,4.63,1.623,1.395,4.8,15.1,25.04,7647441,0.25052,0.15746
suv,13.537,4.619,3.076,4.635,1.939,1.634,1.3,4.3,40.72,12449683,0.37659,0.1706
suv,17.874,5.375,2.952,4.804,1.951,1.819,2.8,7.8,38.41,12171612,0.35898,0.17234
sedan,10.507,4.191,2.213,4.614,1.687,1.498,0.0,12.4,21.85,6650125,0.25195,0.13563
airfoil,0.863,0.144,0.18,1.587,0.629,0.13,0.0,4.5,50.1,5244637,0.00793,0.4864
ahmed_body,4.794,0.93,0.11,1.012,0.375,0.263,0.0,16.3,29.75,1985950,0.26395,0.05843
ahmed_body,3.83,0.966,0.093,1.188,0.393,0.308,0.0,12.1,43.72,3426079,0.26622,0.05996
flat_plate,3.767,0.045,1.515,0.034,0.835,0.704,0.0,0.0,6.63,14869,1.22584,-0.00888
wedge,5.291,0.609,1.072,0.9,1.284,0.402,0.0,42.1,46.89,2783707,0.71917,0.2577
ahmed_body,4.888,0.819,0.097,0.992,0.362,0.282,0.0,18.7,31.8,2080844,0.26586,0.07642
fsae,6.449,0.847,1.241,3.65,1.65,1.298,39.7,3.4,27.62,6649934,1.00057,-3.21067
suv,15.42,6.919,2.768,4.803,2.036,1.865,0.3,7.4,27.31,8652370,0.36662,0.15853
ahmed_body,4.83,0.67,0.105,1.113,0.384,0.255,0.0,8.1,59.38,4359495,0.25714,0.03217
fsae,6.4,1.013,1.25,3.84,1.698,1.277,40.5,1.2,39.82,10086332,0.99401,-3.05064
truck,50.258,29.704,7.815,11.092,2.5,3.95,0.0,1.1,23.2,16974565,0.68995,0.09071
suv,15.345,5.544,2.952,4.448,1.83,1.835,1.5,5.7,21.19,6217224,0.37682,0.1154
sedan,8.926,3.917,2.221,4.571,1.77,1.354,5.0,13.7,38.33,11557152,0.25141,0.18569
ahmed_body,4.74,0.934,0.09,1.085,0.355,0.258,0.0,36.2,59.63,4267714,0.3426,0.12193
suv,17.225,4.651,2.762,4.439,1.93,1.87,2.2,5.1,34.98,10242495,0.3739,0.16018
suv,15.498,5.28,2.69,4.46,1.927,1.626,1.9,7.1,35.15,10340963,0.38077,0.18414
ahmed_body,4.421,0.913,0.083,1.072,0.384,0.316,0.0,11.2,23.21,1641235,0.27928,0.06189
airfoil,2.395,0.07,0.05,1.793,1.153,0.196,0.0,7.8,63.62,7524450,0.01192,0.87779
airfoil,1.61,0.451,0.037,0.625,0.922,0.087,0.0,4.2,32.49,1339462,0.00788,0.42418
wedge,5.435,1.642,0.956,1.674,0.52,0.258,0.0,37.2,49.81,5500128,0.66415,0.25989
sedan,9.334,4.223,2.312,4.789,1.772,1.307,4.2,10.1,44.04,13912108,0.27163,0.19994
ahmed_body,4.124,0.625,0.09,0.988,0.38,0.286,0.0,26.3,48.84,3182976,0.29771,0.06815
airfoil,2.678,0.367,0.057,1.129,1.538,0.072,0.0,3.0,48.82,3635737,0.00658,0.32537
airfoil,1.723,0.298,0.07,1.124,1.363,0.158,0.0,3.7,49.66,3681916,0.00736,0.39784
suv,16.836,6.412,2.737,4.7,1.955,1.86,2.4,1.5,21.43,6643865,0.3641,0.12074
suv,15.684,5.929,2.597,4.798,2.008,1.884,0.6,7.1,32.02,10134034,0.37378,0.14631
cylinder,3.008,1.679,1.624,2.823,0.215,0.26,0.0,0.0,41.39,7707386,0.29703,0.01618
ahmed_body,4.344,0.798,0.113,1.036,0.404,0.261,0.0,27.5,57.77,3947871,0.30791,0.10787
airfoil,1.259,0.167,0.196,1.294,0.491,0.122,0.0,11.1,28.64,2444602,0.02993,1.23918
sedan,11.269,2.685,2.189,4.952,1.674,1.408,1.9,14.5,39.49,12899372,0.2536,0.22734
ahmed_body,4.625,0.658,0.107,1.141,0.392,0.272,0.0,20.5,24.63,1853749,0.27821,0.0759
airfoil,1.601,0.211,0.197,1.484,0.701,0.19,0.0,5.5,42.72,4181826,0.00866,0.62839
wedge,1.659,0.897,0.431,0.77,0.418,0.267,0.0,36.9,49.65,2521801,0.67066,0.21186
fsae,5.873,0.862,1.027,3.638,1.633,1.096,31.3,2.8,38.48,9234185,0.94909,-2.87793
fsae,7.197,0.805,1.246,3.709,1.653,1.196,22.1,2.7,48.72,11919689,0.88512,-2.44253
suv,14.131,5.6,2.723,4.869,1.942,1.605,1.9,5.7,44.44,14272979,0.37012,0.18594
sedan,9.845,3.374,2.252,4.265,1.734,1.354,2.6,16.9,45.51,12803440,0.24894,0.24539
truck,39.28,37.474,6.013,15.952,2.533,4.122,0.0,0.3,25.85,27200475,0.6686,0.10552
sedan,12.994,3.639,2.22,4.846,1.652,1.483,0.1,19.9,41.1,13137902,0.30524,0.24024
fsae,7.756,1.151,1.294,3.733,1.557,1.031,23.4,2.2,17.66,4348600,0.838,-2.43925
wedge,4.484,1.564,0.393,1.611,0.891,0.385,0.0,46.1,45.57,4842564,0.72657,0.28382
sphere,10.031,2.702,2.099,0.472,1.151,1.269,0.0,0.0,20.57,640438,0.0994,-0.01526
wedge,3.857,1.86,0.397,1.778,0.352,0.541,0.0,35.3,42.78,5017338,0.63463,0.222
flat_plate,2.395,0.036,2.084,0.022,1.53,1.674,0.0,0.0,35.11,50951,1.22263,0.01678
fsae,7.939,1.394,1.352,3.313,1.65,1.109,35.3,3.1,35.32,7718678,0.96318,-2.85873
fsae,6.409,1.406,1.259,3.343,1.347,1.174,36.3,4.7,45.59,10053257,0.98864,-3.0444
sedan,8.853,3.585,2.129,4.583,1.778,1.479,1.5,12.9,20.44,6179190,0.25055,0.11418
cylinder,5.364,2.169,1.471,1.161,0.319,0.483,0.0,0.0,40.31,3087065,0.29194,0.01001
sedan,9.867,4.45,2.142,4.47,1.638,1.305,2.4,17.8,37.11,10942065,0.23842,0.21394
flat_plate,0.886,0.025,1.577,0.012,1.837,0.503,0.0,0.0,36.53,28916,1.19116,-0.00624
sedan,11.694,3.422,2.194,4.217,1.744,1.344,3.0,12.6,39.81,11073797,0.24981,0.20259
sphere,9.354,0.311,1.389,0.869,0.413,1.357,0.0,0.0,38.71,2218931,0.09603,0.01224
cylinder,5.013,1.49,0.217,0.952,0.352,0.783,0.0,0.0,21.02,1319989,0.31357,0.01926
wedge,2.461,1.768,0.892,1.356,1.114,0.598,0.0,50.3,23.37,2090351,0.76715,0.31705
ahmed_body,4.015,0.857,0.089,1.03,0.393,0.253,0.0,18.1,25.31,1719611,0.27437,0.07923
cylinder,2.141,2.063,0.874,1.906,0.911,0.972,0.0,0.0,7.84,985689,0.29617,0.00371
suv,13.045,5.787,2.782,4.338,2.042,1.889,1.5,2.0,21.96,6283805,0.3704,0.13055
fsae,8.339,1.42,1.485,3.226,1.351,1.04,34.8,0.3,24.36,5183731,0.97848,-2.85298
fsae,8.028,1.235,1.493,4.173,1.559,1.037,44.5,0.9,17.0,4679485,1.03146,-3.35267
sedan,11.936,4.048,2.038,4.552,1.86,1.429,4.0,18.3,29.32,8803736,0.29471,0.18728
ahmed_body,3.587,0.934,0.106,0.994,0.378,0.281,0.0,15.7,57.26,3754383,0.2702,0.05658
ahmed_body,3.868,0.799,0.091,1.049,0.354,0.257,0.0,8.7,21.43,1482854,0.26665,0.0391
cylinder,3.309,1.275,1.262,2.436,0.826,0.842,0.0,0.0,35.44,5694712,0.29626,-0.01368
ahmed_body,4.82,0.811,0.1,1.185,0.415,0.279,0.0,0.6,52.2,4080277,0.2508,0.00718
fsae,8.348,1.546,1.492,4.086,1.447,1.119,40.6,1.5,15.46,4166858,0.99377,-3.06588
ahmed_body,4.105,0.767,0.083,1.055,0.42,0.265,0.0,0.4,54.12,3766266,0.25307,0.02805
truck,40.894,37.27,9.709,14.504,2.51,3.666,0.0,2.1,29.0,27745119,0.71568,0.04973
cylinder,2.415,0.716,1.005,1.559,0.775,0.691,0.0,0.0,16.5,1696801,0.28923,-0.0088
fsae,6.687,1.444,1.559,4.279,1.529,1.041,37.9,4.2,41.8,11798298,0.99006,-3.10525
ahmed_body,3.95,0.759,0.082,1.104,0.37,0.281,0.0,35.0,53.06,3864000,0.32829,0.0964
truck,42.149,42.126,6.114,9.344,2.492,3.525,0.0,3.3,23.79,14663177,0.70608,0.0818
cylinder,7.058,2.435,0.956,2.449,0.873,0.805,0.0,0.0,9.77,1578280,0.29437,0.00568
sedan,10.856,3.094,1.826,4.421,1.604,1.42,4.8,18.4,30.9,9011141,0.30106,0.18847
fsae,6.555,1.025,1.533,4.036,1.507,1.154,18.4,4.8,34.4,9158206,0.89103,-2.29819
ahmed_body,4.503,0.929,0.104,1.16,0.381,0.314,0.0,27.9,48.2,3688127,0.31113,0.07765
fsae,8.448,1.323,1.379,4.495,1.598,1.136,19.2,3.9,28.15,8346586,0.86803,-2.23756
sphere,5.101,4.7,2.186,1.201,0.453,1.015,0.0,0.0,40.52,3210061,0.10101,-0.006
flat_plate,2.185,0.034,1.682,0.028,1.993,1.209,0.0,0.0,38.37,70868,1.22821,0.00077
sphere,10.76,2.34,2.994,0.107,1.192,0.517,0.0,0.0,30.13,212659,0.44707,0.00769
suv,15.257,4.933,2.832,4.375,1.894,1.608,1.0,9.5,34.55,9970729,0.38071,0.16767
airfoil,3.535,0.093,0.078,0.902,0.741,0.054,0.0,11.5,59.59,3545526,0.03681,1.2707
fsae,6.944,1.43,1.261,3.266,1.65,1.065,43.9,1.2,48.16,10375367,0.98809,-3.36214
ahmed_body,3.599,0.703,0.109,0.938,0.372,0.307,0.0,25.7,27.5,1701517,0.30387,0.09523
sedan,8.284,4.146,2.172,4.513,1.828,1.361,1.1,16.8,40.7,12116036,0.2379,0.21931
fsae,6.412,1.151,1.21,4.352,1.414,1.155,22.7,4.6,26.48,7601646,0.90023,-2.46515
flat_plate,2.724,0.014,1.998,0.013,1.902,1.203,0.0,0.0,30.85,26454,1.22826,-0.00396
sphere,11.945,2.442,1.516,0.793,0.594,0.291,0.0,0.0,6.38,333730,0.3981,-0.00426
suv,14.958,5.003,3.156,5.058,1.974,1.847,1.9,0.7,40.14,13392356,0.36101,0.18825
sedan,11.769,3.305,1.967,4.8,1.687,1.367,1.5,15.6,48.53,15365699,0.24936,0.24159
wedge,2.364,0.337,0.603,1.1,0.603,0.256,0.0,27.7,18.02,1307520,0.57964,0.18214
airfoil,1.852,0.265,0.095,1.314,1.604,0.187,0.0,0.0,28.84,2499720,0.00606,0.00634
cylinder,4.465,1.4,0.581,2.032,0.603,0.729,0.0,0.0,41.25,5529024,0.29625,0.0111
wedge,3.227,0.684,0.421,2.084,1.198,0.255,0.0,39.8,40.5,5567414,0.69765,0.24053
wedge,2.009,1.058,0.665,2.349,1.395,0.793,0.0,15.3,32.68,5063675,0.44887,0.13378
wedge,2.251,1.928,0.561,1.722,1.498,0.317,0.0,38.9,33.96,3857462,0.69179,0.25254
sedan,8.188,4.001,2.281,4.922,1.753,1.494,4.6,16.6,44.92,14584185,0.24642,0.25524
fsae,7.68,1.486,1.527,4.025,1.462,1.045,15.9,0.5,20.78,5517117,0.90048,-2.09975
ahmed_body,4.897,0.94,0.109,1.097,0.376,0.31,0.0,5.9,55.45,4012444,0.26879,0.04432
ahmed_body,3.612,0.769,0.081,1.16,0.369,0.269,0.0,16.4,21.63,1655066,0.2626,0.07411
ahmed_body,3.799,0.797,0.103,1.16,0.368,0.264,0.0,27.8,31.94,2443958,0.30444,0.10462
ahmed_body,3.966,0.931,0.085,1.164,0.41,0.313,0.0,6.5,39.39,3024404,0.26041,0.04311
sedan,10.785,3.449,1.891,4.793,1.71,1.316,2.9,18.0,42.52,13443164,0.23889,0.22349
cylinder,6.814,1.685,0.462,1.231,0.808,0.144,0.0,0.0,22.19,1801840,0.30076,-0.00474
airfoil,1.359,0.214,0.112,1.254,0.933,0.083,0.0,1.9,28.96,2395504,0.00625,0.21374
fsae,6.406,1.243,1.438,3.494,1.321,1.062,31.9,1.2,44.03,10147811,0.93537,-2.70199
flat_plate,3.365,0.049,0.746,0.018,1.812,1.525,0.0,0.0,27.94,33174,1.29264,-0.00355
suv,14.373,5.648,2.891,4.666,2.014,1.683,1.2,1.4,32.59,10030669,0.36229,0.16234
truck,42.236,30.433,6.85,14.289,2.57,4.182,0.0,0.9,29.66,27955920,0.6871,0.09532
sphere,11.73,1.063,0.479,1.325,0.746,1.16,0.0,0.0,12.41,1084647,0.09838,0.01902
fsae,6.394,1.514,1.529,4.302,1.422,1.16,30.6,3.6,37.28,10579061,0.95149,-2.94547
truck,33.539,37.04,9.533,12.954,2.432,3.654,0.0,1.6,25.11,21456131,0.70136,0.08356
sphere,5.151,1.167,1.453,0.984,1.234,1.144,0.0,0.0,19.46,1263103,0.1002,-0.00073
sedan,12.837,3.431,2.157,4.883,1.778,1.458,4.9,10.8,29.81,9601730,0.26597,0.1625
wedge,2.442,0.785,1.243,1.21,0.664,0.222,0.0,40.7,47.42,3784842,0.6972,0.25809
cylinder,3.826,1.236,0.378,0.978,0.487,0.293,0.0,0.0,44.97,2901099,0.30153,-0.01645
airfoil,2.77,0.254,0.086,1.733,0.703,0.23,0.0,3.7,58.18,6650788,0.0072,0.3874
fsae,7.793,1.149,1.385,4.0,1.346,1.063,23.9,1.7,41.69,11000000,0.91143,-2.57511
sedan,11.94,3.866,2.3,4.003,1.869,1.476,1.9,15.7,48.92,12917332,0.24033,0.25253
flat_plate,2.136,0.034,2.124,0.048,1.604,1.823,0.0,0.0,11.83,37456,1.23172,0.00603
sedan,9.455,3.782,2.297,4.06,1.73,1.306,2.8,13.5,34.64,9276939,0.2553,0.19051
sedan,8.209,2.816,2.188,4.643,1.866,1.304,1.0,10.2,29.19,8939919,0.2675,0.13614
ahmed_body,4.637,0.8,0.09,1.198,0.352,0.278,0.0,36.5,33.23,2625959,0.34859,0.12294
sedan,10.06,2.519,1.887,4.556,1.723,1.494,1.6,14.6,20.11,6043612,0.26003,0.12826
wedge,5.117,0.401,1.178,1.796,0.343,0.849,0.0,11.1,31.11,3685591,0.41658,0.10394
airfoil,2.407,0.104,0.067,1.29,1.518,0.125,0.0,10.3,54.61,4646893,0.01806,1.14368
sedan,8.272,2.932,2.364,4.136,1.715,1.364,0.3,11.2,45.9,12522586,0.25939,0.21775
cylinder,4.347,0.162,1.927,2.369,0.458,0.957,0.0,0.0,15.82,2472136,0.28194,-0.00374
sphere,9.845,4.922,0.203,0.13,0.91,0.348,0.0,0.0,28.47,244136,0.43113,-0.00374
ahmed_body,3.944,0.769,0.095,1.137,0.391,0.289,0.0,10.7,58.0,4350000,0.26357,0.0823
airfoil,3.877,0.37,0.173,1.008,0.499,0.117,0.0,3.1,36.09,2399652,0.00707,0.35587
wedge,4.347,1.162,1.079,0.551,0.964,0.9,0.0,43.4,44.97,1634464,0.71834,0.27829
sedan,8.405,3.861,2.059,4.9,1.899,1.355,3.4,18.4,29.22,9444459,0.30063,0.19691
fsae,8.082,1.042,1.207,3.892,1.327,1.111,34.3,3.6,49.59,12731153,0.96658,-2.92011
sedan,8.731,3.373,2.377,4.494,1.813,1.372,1.8,10.5,41.78,12385179,0.26147,0.19451
fsae,8.353,1.193,1.32,4.211,1.462,1.274,24.7,3.8,40.84,11344145,0.92001,-2.36631
ahmed_body,4.267,0.687,0.097,1.066,0.385,0.299,0.0,28.0,34.04,2393578,0.30546,0.10039
sphere,1.396,3.272,1.544,0.317,1.032,0.453,0.0,0.0,38.22,799191,0.09835,-0.00033
wedge,3.73,0.535,0.557,0.586,1.258,0.653,0.0,56.8,14.86,574404,0.91313,0.34177
suv,16.931,5.136,3.014,4.53,2.056,1.891,2.5,4.0,25.76,7697414,0.3645,0.12929
fsae,5.669,0.869,1.02,3.906,1.41,1.157,44.2,3.3,41.74,10754383,1.01333,-3.1725
fsae,5.551,0.913,1.18,4.482,1.331,1.202,30.4,2.3,24.1,7125079,0.91841,-2.6627
sedan,9.918,3.652,2.202,4.857,1.793,1.468,3.3,11.7,28.56,9150127,0.25565,0.1417
cylinder,4.515,0.676,1.022,2.173,0.309,0.775,0.0,0.0,22.62,3242299,0.29218,-0.00332
fsae,5.61,1.429,1.258,4.27,1.476,1.29,44.2,3.2,25.29,7123239,1.03311,-3.22231
ahmed_body,3.653,0.61,0.113,1.003,0.417,0.255,0.0,2.4,28.01,1853168,0.25574,0.03153
sedan,8.298,3.138,2.389,4.283,1.672,1.387,1.8,10.5,23.89,6749398,0.26175,0.13131
fsae,7.293,1.033,1.49,4.268,1.328,1.123,34.3,4.8,33.99,9569216,0.94612,-2.99507
fsae,7.826,1.025,1.391,3.327,1.332,1.282,43.9,1.6,32.92,7224594,1.02245,-3.33941
flat_plate,5.944,0.006,1.641,0.024,1.858,1.588,0.0,0.0,38.55,61029,1.24687,0.01274
fsae,6.349,1.506,1.395,4.068,1.646,1.01,20.6,4.7,31.15,8358720,0.89444,-2.31593
ahmed_body,4.179,0.753,0.088,0.937,0.37,0.283,0.0,12.1,41.02,2535339,0.26783,0.05731
wedge,4.824,0.5,0.886,0.598,1.004,0.353,0.0,45.3,44.65,1761260,0.75034,0.27636
fsae,6.703,1.551,1.198,4.383,1.689,1.01,18.3,2.7,16.13,4663443,0.84762,-2.19737
fsae,7.363,0.957,1.48,3.964,1.643,1.001,40.2,4.9,44.57,11654055,0.98177,-3.18873
fsae,6.249,1.599,1.232,4.293,1.61,1.17,15.1,1.7,27.22,7708144,0.83749,-2.0893
cylinder,7.27,1.913,0.443,1.072,0.796,0.602,0.0,0.0,27.96,1977119,0.28997,-0.01185
suv,16.102,5.311,3.033,4.733,2.039,1.864,0.5,3.8,28.37,8857204,0.3704,0.14526
ahmed_body,4.112,0.737,0.111,1.19,0.372,0.269,0.0,29.1,53.1,4168140,0.30831,0.11189
suv,17.884,5.95,2.689,4.377,1.915,1.885,2.9,3.8,31.61,9126449,0.369,0.16287
sphere,5.898,4.395,2.414,0.505,1.371,0.172,0.0,0.0,15.89,529317,0.10142,0.00895
cylinder,7.556,2.988,0.48,2.091,0.506,0.269,0.0,0.0,12.45,1717213,0.30064,-0.00456
ahmed_body,3.667,0.778,0.095,1.118,0.407,0.292,0.0,17.1,54.68,4032470,0.26194,0.08146
sedan,11.951,2.804,1.913,4.57,1.694,1.457,4.4,10.9,42.72,12877995,0.25827,0.2089
sphere,2.235,0.073,0.755,1.431,0.211,0.614,0.0,0.0,17.67,1667927,0.10115,-0.01346
ahmed_body,4.698,0.878,0.09,1.026,0.385,0.27,0.0,8.2,31.46,2129153,0.25946,0.04119
cylinder,5.364,1.153,0.315,1.004,0.663,0.156,0.0,0.0,25.2,1668918,0.30169,0.01505
fsae,6.845,1.456,1.464,3.456,1.651,1.051,37.8,4.1,19.69,4488697,0.97451,-2.97637
flat_plate,4.873,0.039,2.792,0.014,1.811,1.218,0.0,0.0,20.23,18682,1.2216,0.00665
sedan,8.035,3.566,1.97,4.985,1.8,1.421,2.3,19.2,20.88,6865884,0.29947,0.15832
fsae,6.181,0.992,1.318,4.467,1.558,1.18,41.9,2.8,39.0,11491623,0.99831,-3.22956
sedan,11.565,4.414,1.921,4.796,1.71,1.456,3.3,14.6,29.03,9183897,0.2586,0.16425
fsae,7.072,1.275,1.044,3.455,1.689,1.182,18.2,5.0,49.06,11180891,0.83501,-2.17705
sedan,11.23,4.189,1.81,4.729,1.77,1.46,3.8,11.8,38.96,12153156,0.26762,0.19153
fsae,6.927,1.288,1.446,3.774,1.587,1.06,24.7,3.4,38.57,9601793,0.92251,-2.4159
wedge,1.102,0.843,0.242,1.866,0.701,0.511,0.0,51.3,41.95,5163503,0.82177,0.31034
fsae,6.242,0.956,1.074,3.795,1.339,1.099,19.2,4.9,45.05,11277358,0.87477,-2.29433
fsae,8.256,1.41,1.316,3.418,1.344,1.297,19.2,0.1,45.41,10238218,0.84362,-2.30563
fsae,6.42,1.205,1.472,3.326,1.687,1.273,40.6,3.6,47.15,10344387,1.0249,-3.13298
ahmed_body,3.702,0.915,0.11,0.976,0.406,0.301,0.0,1.9,23.03,1482670,0.25784,0.01258
wedge,2.167,0.413,0.558,0.797,0.665,0.313,0.0,11.2,21.81,1146608,0.42163,0.11365
fsae,8.116,0.803,1.438,3.952,1.574,1.009,18.9,3.9,33.18,8649562,0.89377,-2.2082
truck,36.846,29.576,7.146,12.289,2.575,3.762,0.0,1.0,24.18,19600793,0.71954,0.07624
ahmed_body,4.077,0.764,0.096,0.93,0.393,0.306,0.0,2.3,46.51,2853186,0.26025,0.01554
ahmed_body,4.23,0.799,0.112,0.926,0.415,0.297,0.0,28.0,42.67,2606360,0.31697,0.09977
ahmed_body,4.67,0.745,0.1,1.028,0.369,0.292,0.0,23.8,58.8,3987230,0.29704,0.07023
fsae,8.324,0.936,1.044,3.48,1.551,1.117,34.0,2.4,33.53,7696860,0.90949,-2.73446
sedan,11.766,3.493,2.32,4.01,1.712,1.366,3.2,16.4,36.98,9781649,0.24536,0.21978
suv,12.048,6.122,2.745,4.339,1.846,1.619,1.1,0.1,42.06,12038149,0.36303,0.19125
suv,15.053,5.445,2.747,4.405,2.021,1.835,2.4,7.0,28.52,8286979,0.37583,0.17132
airfoil,1.47,0.202,0.182,1.264,1.44,0.203,0.0,5.7,73.84,6156580,0.00951,0.59632
sedan,10.618,3.69,2.133,4.51,1.857,1.422,4.6,11.8,40.28,11983034,0.261,0.20087
sphere,1.1,3.3,2.292,0.877,0.959,1.399,0.0,0.0,25.97,1502354,0.10638,-0.00588
sedan,12.869,3.54,2.374,4.233,1.627,1.314,1.7,17.2,49.5,13821471,0.24903,0.26435
airfoil,1.927,0.386,0.051,0.55,0.484,0.219,0.0,0.9,75.95,2755442,0.00613,0.10795
airfoil,3.097,0.201,0.021,1.473,1.838,0.23,0.0,4.0,21.14,2054038,0.00774,0.4241
fsae,8.131,1.472,1.182,3.879,1.613,1.072,15.1,4.9,20.64,5281172,0.86195,-2.13764
fsae,7.401,1.433,1.203,4.047,1.551,1.099,27.1,0.8,44.22,11804640,0.90297,-2.60052
ahmed_body,3.567,0.786,0.085,0.949,0.378,0.253,0.0,11.6,31.08,1945575,0.27077,0.05587
truck,48.81,40.354,8.286,8.265,2.51,4.075,0.0,1.0,32.09,17494977,0.70672,0.10836
ahmed_body,4.761,0.625,0.085,0.949,0.409,0.266,0.0,39.7,57.42,3594431,0.33861,0.12712
ahmed_body,3.935,0.854,0.102,1.051,0.386,0.296,0.0,21.8,48.2,3341570,0.28659,0.07287
airfoil,1.703,0.482,0.08,1.997,1.597,0.128,0.0,5.4,70.74,9318455,0.0088,0.6132
ahmed_body,4.569,0.807,0.102,1.104,0.406,0.312,0.0,18.0,36.52,2659504,0.26758,0.08322
sphere,10.07,3.83,2.578,1.044,0.44,0.883,0.0,0.0,7.78,535773,0.09809,-0.00688
ahmed_body,4.432,0.642,0.11,1.146,0.387,0.256,0.0,4.8,53.38,4035190,0.25862,0.02844
suv,17.619,6.573,2.98,5.043,2.081,1.755,0.2,8.9,34.81,11579606,0.36289,0.15013
sphere,11.853,4.011,0.251,0.215,0.678,0.704,0.0,0.0,11.16,158272,0.4424,-0.00044
wedge,4.417,0.257,0.381,2.081,0.963,0.216,0.0,40.3,42.87,5884728,0.68782,0.22026
fsae,6.502,1.269,1.147,4.392,1.535,1.012,22.3,3.6,26.73,7743942,0.86636,-2.40875
wedge,4.354,1.832,1.005,0.642,1.082,0.371,0.0,30.6,47.28,2002227,0.59465,0.18191
wedge,2.432,0.647,0.932,1.862,0.877,0.582,0.0,22.0,17.16,2107646,0.49156,0.17212
fsae,6.527,1.351,1.341,3.477,1.398,1.151,43.2,1.3,24.95,5722371,0.99082,-3.47599
ahmed_body,3.71,0.884,0.113,1.049,0.398,0.281,0.0,16.1,49.1,3397487,0.26335,0.05328
flat_plate,3.373,0.016,2.367,0.031,0.707,1.543,0.0,0.0,32.78,67030,1.24129,-0.01483
airfoil,3.729,0.04,0.111,1.611,1.024,0.198,0.0,11.4,26.65,2832002,0.0363,1.33369
suv,16.758,6.259,2.663,4.59,1.927,1.826,2.6,6.5,41.35,12519558,0.37558,0.17608
wedge,2.408,1.602,0.898,2.375,1.137,0.408,0.0,55.0,40.04,6272757,0.84274,0.31565
truck,53.127,34.892,6.917,15.416,2.432,4.187,0.0,2.8,30.17,30679467,0.73807,0.05554
cylinder,5.195,0.658,1.073,2.767,0.173,0.297,0.0,0.0,34.29,6258604,0.30013,0.00481
flat_plate,1.184,0.048,1.13,0.034,1.388,1.661,0.0,0.0,14.83,33260,1.24617,-0.0295
sedan,9.352,3.785,1.908,4.711,1.851,1.401,2.8,12.9,43.86,13629582,0.25444,0.21315
fsae,7.922,1.214,1.308,3.679,1.334,1.194,20.8,4.5,16.39,3977494,0.92314,-2.33838
flat_plate,3.596,0.034,0.705,0.039,1.827,1.314,0.0,0.0,12.99,33418,1.25417,0.02094
suv,15.368,6.498,2.825,4.476,1.882,1.823,1.5,6.6,36.45,10761887,0.37063,0.16902
suv,14.795,5.775,2.748,4.956,1.947,1.659,2.2,7.1,43.47,14210905,0.35584,0.19295
wedge,3.686,0.423,0.516,1.811,0.423,0.599,0.0,38.9,49.77,5945480,0.67082,0.24332
airfoil,0.75,0.454,0.154,1.282,1.435,0.219,0.0,3.9,35.42,2995280,0.00773,0.4144
wedge,2.322,0.239,0.221,1.662,1.185,0.537,0.0,20.8,40.93,4487181,0.50135,0.14535
wedge,5.636,1.624,0.986,1.158,1.296,0.402,0.0,40.6,41.35,3158529,0.70606,0.25517
fsae,8.113,1.597,1.155,3.611,1.682,1.233,27.4,4.1,48.03,11440391,0.89452,-2.59625
sphere,8.406,3.063,0.628,1.305,0.348,1.068,0.0,0.0,46.31,3986448,0.09914,-0.00377
sphere,7.811,4.483,2.464,1.471,0.485,0.725,0.0,0.0,26.87,2607241,0.10031,-0.02286
sphere,1.777,1.323,2.96,0.464,0.612,1.097,0.0,0.0,19.55,598364,0.09995,-0.00147
sphere,11.057,3.964,1.629,0.577,0.45,1.088,0.0,0.0,18.21,693085,0.10295,-0.01114
cylinder,3.931,1.383,0.856,2.738,0.515,0.486,0.0,0.0,20.39,3682574,0.30639,0.00806
airfoil,1.165,0.207,0.022,1.122,1.675,0.077,0.0,4.7,42.52,3146929,0.00778,0.51577
fsae,7.783,1.262,1.272,4.157,1.436,1.103,24.3,2.3,36.85,10104581,0.92109,-2.54111
sphere,2.043,0.925,1.874,1.132,0.94,0.685,0.0,0.0,5.75,429354,0.22542,0.01297
airfoil,1.148,0.327,0.073,1.73,0.34,0.09,0.0,10.4,20.46,2334815,0.01891,1.14354
fsae,7.928,1.123,1.543,4.291,1.587,1.018,36.7,1.8,28.43,8047040,0.9557,-2.87811
suv,16.33,5.637,2.636,4.393,1.821,1.604,1.8,4.0,23.93,6934333,0.37991,0.12642
fsae,6.382,1.429,1.047,4.316,1.7,1.271,25.0,2.4,23.86,6792860,0.92019,-2.51322
truck,38.533,23.992,7.693,10.879,2.508,3.785,0.0,1.8,27.25,19554931,0.72454,0.08958
sedan,11.048,2.817,2.303,4.306,1.808,1.406,4.5,11.0,20.02,5686420,0.26718,0.10016
cylinder,5.968,2.674,1.55,1.016,0.357,0.695,0.0,0.0,48.2,3230290,0.30175,0.00173
ahmed_body,3.916,0.797,0.086,1.183,0.358,0.276,0.0,21.5,31.98,2495537,0.27961,0.0907
cylinder,7.802,1.862,0.889,2.197,0.351,0.608,0.0,0.0,19.66,2849144,0.29572,0.00506
ahmed_body,4.312,0.86,0.099,0.99,0.382,0.305,0.0,11.7,38.8,2533773,0.26462,0.04492
ahmed_body,4.993,0.714,0.104,1.128,0.411,0.316,0.0,13.4,58.61,4360955,0.25015,0.0639
sphere,7.123,0.127,0.827,0.252,0.324,1.242,0.0,0.0,28.06,466433,0.16085,0.00401
cylinder,3.371,1.556,0.232,2.301,0.993,0.991,0.0,0.0,40.2,6101596,0.28674,-0.01093
sphere,3.763,4.33,1.914,0.292,0.918,0.339,0.0,0.0,15.47,297971,0.45636,0.00609
airfoil,3.806,0.029,0.062,1.069,1.007,0.152,0.0,1.0,56.03,3950928,0.00598,0.10947
sphere,1.503,1.028,1.433,0.922,1.346,1.299,0.0,0.0,35.65,2168160,0.10144,0.00477
ahmed_body,3.626,0.746,0.103,1.194,0.368,0.316,0.0,20.5,46.65,3674149,0.2773,0.07555
cylinder,4.925,1.347,1.154,0.818,0.533,0.505,0.0,0.0,14.86,801813,0.30236,0.00854
suv,12.843,6.345,2.864,4.886,2.014,1.772,0.8,7.4,33.68,10854913,0.37119,0.16076
sphere,6.582,2.446,0.474,0.941,0.601,0.114,0.0,0.0,16.63,1032245,0.09743,-0.01316
sphere,9.246,3.81,0.889,0.216,1.238,0.505,0.0,0.0,21.81,310749,0.42423,0.02618
sedan,8.013,3.457,2.1,4.878,1.802,1.346,3.1,11.8,31.52,10142121,0.26308,0.16094
truck,48.817,22.029,6.697,14.534,2.505,3.926,0.0,4.1,20.98,20113675,0.71229,0.06452
fsae,5.877,0.964,1.033,3.826,1.392,1.055,23.6,4.9,31.59,7972516,0.91508,-2.46769
sedan,8.264,3.08,1.829,4.532,1.787,1.465,4.6,15.2,29.9,8938443,0.25892,0.17582
ahmed_body,4.279,0.846,0.084,1.066,0.363,0.285,0.0,9.4,59.72,4199309,0.27034,0.04778
sphere,10.588,1.597,0.215,0.619,1.422,1.399,0.0,0.0,35.83,1462980,0.09977,0.00543
flat_plate,3.295,0.024,2.054,0.017,1.127,1.153,0.0,0.0,21.52,24132,1.2418,0.01935
fsae,7.551,1.529,1.096,3.971,1.428,1.221,32.0,4.9,37.39,9793911,0.94887,-2.73132
sedan,11.438,3.129,2.102,4.446,1.674,1.31,1.5,17.0,30.04,8809884,0.24514,0.19474
suv,14.245,5.716,2.529,4.71,1.965,1.739,2.0,8.7,42.46,13191728,0.38164,0.19541
sedan,8.749,4.246,2.158,4.906,1.603,1.376,4.5,11.4,47.16,15261673,0.26157,0.21777
sedan,10.812,4.491,2.223,4.969,1.763,1.372,3.0,11.9,23.93,7843547,0.26081,0.15246
ahmed_body,3.932,0.934,0.104,0.9,0.356,0.279,0.0,30.1,50.91,3022361,0.32394,0.116
sphere,6.051,1.858,0.869,0.716,0.55,0.341,0.0,0.0,40.58,1916575,0.09957,-0.02011
cylinder,5.006,2.654,1.206,2.529,0.36,0.686,0.0,0.0,24.42,4073759,0.29559,0.01606
sphere,9.177,1.068,0.381,0.243,1.395,0.548,0.0,0.0,26.01,416915,0.23856,-0.00962
fsae,8.022,1.577,1.209,3.74,1.473,1.257,41.7,2.5,41.66,10277599,0.96329,-3.41269
sedan,10.835,2.93,2.386,4.669,1.887,1.419,4.8,14.5,49.76,15325161,0.25184,0.26504
suv,13.727,4.141,3.113,4.792,2.0,1.617,1.3,8.7,38.84,12277129,0.3904,0.19721
fsae,7.973,0.933,1.175,4.307,1.589,1.2,18.5,1.0,47.91,13611370,0.88171,-2.21604
fsae,6.46,1.143,1.448,3.825,1.626,1.096,33.7,4.3,38.06,9602869,0.93638,-2.86005
sedan,8.379,3.538,1.966,4.984,1.694,1.34,3.1,16.9,32.72,10757024,0.24509,0.19727
flat_plate,5.783,0.024,0.311,0.048,0.589,1.959,0.0,0.0,32.95,104327,1.22057,-0.00932
suv,14.593,4.134,2.75,4.777,1.97,1.671,1.4,7.7,25.3,7972170,0.37611,0.12774
wedge,5.875,0.398,0.944,1.252,0.883,0.592,0.0,20.7,13.22,1091784,0.50534,0.17007
cylinder,5.466,0.72,1.953,0.873,0.145,0.908,0.0,0.0,47.86,2756054,0.30549,-0.01418
suv,15.223,6.001,2.564,5.169,1.876,1.779,0.3,4.5,35.01,11937117,0.36889,0.16599
sedan,11.161,4.305,1.877,4.321,1.736,1.461,1.0,14.6,38.66,11019120,0.23899,0.22062
sphere,5.541,3.729,1.098,0.946,1.48,0.29,0.0,0.0,11.81,736956,0.10231,-0.00396
flat_plate,5.96,0.026,0.403,0.044,0.546,0.88,0.0,0.0,30.69,89074,1.23546,0.01525
fsae,6.894,1.259,1.18,3.329,1.37,1.072,27.9,0.3,15.37,3375114,0.90895,-2.63727
cylinder,4.104,0.86,1.465,2.436,0.533,0.2,0.0,0.0,36.0,5784697,0.29468,0.01547
sedan,10.609,2.629,1.908,4.073,1.871,1.337,2.5,10.3,40.27,10819242,0.25358,0.19827
wedge,2.497,0.859,1.285,1.477,0.395,0.288,0.0,43.7,27.92,2720174,0.72452,0.27112
truck,32.314,28.199,7.822,12.661,2.546,3.792,0.0,3.7,34.27,28620875,0.70841,0.07291
sedan,8.773,2.969,1.843,4.472,1.892,1.478,3.0,16.1,34.22,10094449,0.23588,0.19496
sphere,2.564,2.477,0.371,0.287,1.356,0.879,0.0,0.0,11.84,224148,0.44196,-0.0216
cylinder,7.22,2.627,1.173,1.496,0.303,0.86,0.0,0.0,16.87,1664744,0.29251,0.00576
truck,42.604,25.566,7.17,10.367,2.579,4.089,0.0,2.8,29.55,20207444,0.70974,0.0862
sedan,8.393,3.924,1.997,4.502,1.834,1.314,0.6,11.4,31.43,9333632,0.26981,0.163
airfoil,1.357,0.194,0.042,1.032,0.857,0.143,0.0,0.5,71.68,4879536,0.00609,0.07979
sedan,8.344,3.85,1.806,4.693,1.872,1.407,1.8,18.0,40.99,12689055,0.24147,0.23861
airfoil,1.765,0.465,0.187,0.881,0.416,0.187,0.0,4.6,64.25,3733790,0.00811,0.50273
airfoil,1.792,0.398,0.137,0.553,0.861,0.043,0.0,10.5,37.78,1378123,0.02069,1.16141
ahmed_body,4.243,0.97,0.104,1.192,0.416,0.251,0.0,36.2,30.27,2380069,0.34459,0.13666
truck,31.144,23.268,8.702,14.842,2.506,4.137,0.0,4.2,34.2,33482612,0.72702,0.06427
ahmed_body,3.709,0.739,0.086,0.991,0.399,0.297,0.0,4.6,47.07,3076937,0.25575,0.01597
fsae,6.672,1.141,1.391,3.904,1.547,1.094,43.9,2.6,47.9,12335198,1.00954,-2.99794
sedan,12.905,4.063,2.063,4.652,1.813,1.361,3.3,13.1,48.78,14968639,0.25746,0.25151
airfoil,3.461,0.344,0.049,1.607,1.477,0.208,0.0,0.5,65.06,6896532,0.00622,0.05624
truck,43.16,30.988,8.811,10.768,2.58,4.129,0.0,1.4,22.06,15669003,0.65857,0.05963
suv,13.052,6.326,2.786,4.533,1.986,1.668,0.9,2.9,38.51,11514896,0.36311,0.17142
wedge,3.932,1.278,0.766,1.607,0.388,0.35,0.0,26.6,29.02,3076197,0.55961,0.19349
sedan,10.45,3.317,2.33,4.046,1.678,1.495,2.7,13.2,43.73,11670949,0.25072,0.21097
fsae,6.507,1.484,1.016,4.183,1.57,1.106,28.3,2.0,42.27,11663286,0.8776,-2.54728
suv,15.211,5.783,2.873,4.357,1.954,1.704,1.3,6.7,42.32,12162813,0.3677,0.20395
fsae,5.93,1.567,1.477,3.887,1.467,1.203,28.1,2.3,44.72,11466137,0.91046,-2.61646
sedan,12.423,4.366,2.382,4.864,1.705,1.474,0.3,12.2,47.29,15172728,0.26069,0.22845
suv,13.191,5.894,2.749,4.611,1.851,1.627,2.1,8.0,22.51,6846544,0.38568,0.12018
sphere,2.809,0.373,1.693,0.571,0.376,1.136,0.0,0.0,35.23,1326935,0.09984,-0.0052
fsae,7.309,1.429,1.513,3.777,1.554,1.126,43.8,2.9,38.42,9572054,1.01619,-3.11136
cylinder,6.993,2.304,1.122,1.414,0.689,0.215,0.0,0.0,33.72,3145124,0.29948,0.00908
sphere,7.158,2.421,2.466,1.186,0.199,1.472,0.0,0.0,10.08,788580,0.09864,-0.00614
suv,13.068,5.59,2.871,4.492,2.053,1.822,1.7,3.4,27.41,8121749,0.3692,0.1496
suv,12.192,6.381,2.884,4.51,1.981,1.696,0.9,8.2,37.6,11185752,0.384,0.16852
sphere,10.265,2.761,0.096,0.713,1.021,0.351,0.0,0.0,37.99,1786733,0.10134,-0.00505
fsae,7.605,1.062,1.34,4.498,1.645,1.201,34.8,2.1,15.95,4732394,0.96578,-2.68707
cylinder,6.293,2.895,1.654,2.955,0.78,0.806,0.0,0.0,29.6,5769657,0.29376,-0.01174
fsae,5.725,1.331,1.25,3.992,1.371,1.226,41.0,0.6,42.75,11257124,0.9716,-3.17161
ahmed_body,3.679,0.955,0.088,1.137,0.397,0.277,0.0,19.8,36.27,2720250,0.28293,0.07554
ahmed_body,3.971,0.995,0.089,1.074,0.386,0.261,0.0,7.9,59.31,4201777,0.26325,0.0489
wedge,4.438,0.325,1.424,1.174,1.099,0.597,0.0,12.3,16.86,1305649,0.42815,0.12019
sphere,4.208,1.656,0.322,0.578,1.334,0.694,0.0,0.0,7.95,303107,0.43182,0.00926
ahmed_body,4.414,0.73,0.105,1.194,0.4,0.315,0.0,34.0,33.22,2616404,0.32902,0.10823
suv,16.359,5.731,2.566,5.056,2.011,1.738,0.9,0.2,42.12,14047409,0.36544,0.19229
sphere,5.644,2.659,0.702,1.357,0.948,1.28,0.0,0.0,45.2,4045937,0.09949,-0.01198
sedan,10.346,3.948,2.258,4.439,1.838,1.376,2.4,19.7,32.1,9399202,0.30444,0.19169
suv,17.459,6.137,3.143,4.94,1.867,1.847,2.3,4.2,37.31,12157744,0.37553,0.16453
sedan,11.013,3.968,2.116,4.414,1.77,1.342,4.5,17.6,25.87,7532334,0.23956,0.16206
cylinder,7.323,2.372,1.197,1.755,0.551,0.113,0.0,0.0,30.02,3475270,0.29998,-0.00326
sedan,11.726,4.317,2.185,4.606,1.663,1.47,4.2,16.2,39.41,11973777,0.25392,0.20478
sedan,12.283,3.407,1.986,4.024,1.832,1.486,3.3,17.8,49.99,13269113,0.24257,0.25729
sphere,6.667,1.859,2.499,1.426,0.521,0.237,0.0,0.0,32.81,3086218,0.10305,-0.00206
sedan,10.859,4.227,2.079,4.628,1.718,1.479,1.1,10.6,28.14,8590496,0.26822,0.15556
flat_plate,2.705,0.034,1.455,0.029,0.707,1.258,0.0,0.0,15.98,30569,1.23834,-0.01665
fsae,7.478,1.097,1.209,3.288,1.308,1.134,20.4,4.5,44.99,9757726,0.84442,-2.33364
fsae,5.536,1.557,1.091,3.653,1.511,1.239,23.8,1.8,27.86,6713231,0.87304,-2.59431
truck,41.223,39.639,7.578,11.69,2.523,3.708,0.0,3.8,28.46,21945739,0.75328,0.06951
suv,15.062,6.893,2.74,5.113,1.9,1.628,0.8,0.8,24.84,8377765,0.36614,0.1399
cylinder,4.457,1.063,1.018,1.728,0.699,0.131,0.0,0.0,13.2,1504591,0.30433,0.02732
flat_plate,2.036,0.045,0.451,0.024,1.732,0.979,0.0,0.0,19.55,30950,1.20785,0.00499
cylinder,7.1,0.253,1.268,2.991,0.73,0.632,0.0,0.0,19.58,3863046,0.29869,-0.01643
ahmed_body,4.728,0.849,0.081,0.974,0.376,0.298,0.0,5.5,31.61,2030880,0.25257,0.04609
suv,13.029,4.272,2.957,4.795,1.949,1.809,1.8,3.4,29.55,9346454,0.38474,0.13744
suv,16.771,5.816,3.102,4.959,1.824,1.884,0.4,9.2,26.02,8511423,0.38241,0.15241
wedge,2.252,0.293,0.829,1.719,0.327,0.263,0.0,16.4,46.75,5301006,0.45757,0.13165
sphere,6.445,0.797,1.19,0.509,0.508,0.195,0.0,0.0,38.26,1284587,0.09819,0.00303
airfoil,1.611,0.31,0.026,1.839,1.327,0.15,0.0,6.7,72.0,8734037,0.01044,0.71748
fsae,6.383,1.063,1.578,3.524,1.467,1.096,32.3,4.1,25.13,5841565,0.96468,-2.80692
airfoil,2.262,0.145,0.033,0.624,0.432,0.115,0.0,3.7,51.55,2121847,0.00731,0.39499
fsae,7.919,1.341,1.399,3.566,1.685,1.186,16.9,4.0,21.1,4963232,0.89346,-2.18702
suv,14.138,4.31,2.867,4.984,1.988,1.826,1.6,8.7,26.36,8666111,0.38778,0.12631
cylinder,1.732,0.778,1.309,2.455,0.115,0.822,0.0,0.0,35.73,5786092,0.29289,-0.00887
flat_plate,5.857,0.037,2.12,0.021,1.392,1.124,0.0,0.0,22.33,30932,1.18386,0.00622
cylinder,4.659,2.702,1.272,1.384,0.635,0.387,0.0,0.0,9.37,855414,0.29675,0.00387
wedge,2.789,0.649,0.777,2.489,1.058,0.228,0.0,35.7,10.34,1697642,0.65988,0.22916
suv,14.161,4.37,2.898,4.512,2.038,1.657,1.4,0.9,22.39,6663831,0.36991,0.12518
suv,13.695,6.216,2.577,4.446,2.005,1.715,0.5,4.1,33.99,9968307,0.36956,0.15447
suv,13.098,6.744,2.928,4.635,1.923,1.86,0.2,9.2,40.23,12299871,0.38021,0.1727
airfoil,0.724,0.1,0.126,1.585,1.57,0.073,0.0,9.7,58.87,6154944,0.01506,1.00911
cylinder,5.972,2.949,0.998,2.808,0.764,0.106,0.0,0.0,5.63,1042813,0.29371,-0.01636
sedan,12.351,4.39,1.889,4.047,1.778,1.36,0.7,10.2,24.8,6620422,0.27265,0.11974
ahmed_body,4.182,0.919,0.084,1.165,0.416,0.265,0.0,32.3,47.24,3630251,0.31684,0.11521
sedan,11.138,3.752,2.106,4.836,1.648,1.331,1.2,15.8,30.94,9869778,0.24426,0.18669
sedan,10.073,3.676,2.287,4.26,1.866,1.469,3.3,11.4,47.34,13302665,0.25797,0.20636
fsae,7.2,0.88,1.502,3.647,1.392,1.075,36.5,1.5,25.16,6052673,0.9508,-3.00566
fsae,6.153,0.914,1.337,3.942,1.66,1.115,33.2,4.5,15.42,4009607,0.9698,-2.82555
ahmed_body,4.815,0.688,0.086,1.103,0.36,0.285,0.0,13.0,31.79,2312953,0.25577,0.06294
wedge,3.969,1.96,0.761,1.926,0.442,0.283,0.0,55.3,46.03,5847875,0.82825,0.33153
sphere,1.208,4.031,0.647,0.593,0.464,0.888,0.0,0.0,44.52,1741449,0.10142,-0.00183
cylinder,2.527,2.357,1.658,1.31,0.93,0.749,0.0,0.0,49.7,4294657,0.28893,0.02002
sphere,6.538,4.939,1.419,0.938,0.337,0.327,0.0,0.0,40.08,2479884,0.09858,-0.0057
cylinder,5.166,0.722,0.438,2.654,0.944,0.755,0.0,0.0,5.05,884083,0.30336,-0.01295
suv,14.853,6.721,2.551,4.524,1.847,1.745,1.2,8.8,42.92,12808053,0.37258,0.19291
fsae,5.511,0.931,1.229,3.298,1.354,1.276,22.2,4.8,35.71,7768574,0.8634,-2.37747
wedge,2.603,0.387,0.926,2.14,0.854,0.72,0.0,56.5,12.54,1770158,0.87617,0.32658
ahmed_body,3.64,0.612,0.084,1.172,0.419,0.319,0.0,2.9,30.21,2335496,0.2568,0.02565
suv,14.545,6.319,2.645,4.822,1.844,1.651,2.4,4.8,40.22,12792931,0.38785,0.16607
fsae,7.971,0.896,1.235,3.642,1.599,1.057,15.1,3.4,41.9,10065950,0.8598,-2.1392
sedan,8.895,4.484,2.237,4.85,1.632,1.435,2.6,14.4,34.52,11043668,0.25158,0.18744
suv,12.211,5.636,3.067,4.911,2.036,1.828,2.0,3.2,38.94,12614402,0.37594,0.16137
wedge,2.327,1.888,1.448,1.318,1.14,0.837,0.0,46.1,31.04,2698596,0.72639,0.27148
sedan,8.576,3.897,2.264,4.06,1.637,1.479,4.9,14.7,39.44,10562427,0.26003,0.21127
ahmed_body,4.473,0.62,0.09,1.122,0.378,0.299,0.0,8.7,25.83,1911693,0.26865,0.045
sphere,8.455,1.313,1.118,0.698,1.296,1.269,0.0,0.0,22.17,1020756,0.09761,0.00743
cylinder,4.482,1.409,0.741,1.246,0.977,0.97,0.0,0.0,40.54,3331982,0.29733,0.01098
suv,15.525,6.29,2.639,4.907,1.84,1.655,0.1,9.8,31.48,10189470,0.37506,0.13755
truck,30.937,20.426,6.147,15.785,2.443,4.106,0.0,0.4,20.3,21136906,0.72953,0.07469
airfoil,1.073,0.493,0.126,0.563,1.494,0.033,0.0,4.4,37.71,1400444,0.00808,0.46922
fsae,8.241,1.333,1.231,4.475,1.376,1.011,42.4,1.8,35.37,10440683,1.02956,-3.30561
sedan,10.936,3.726,1.969,4.369,1.807,1.443,0.2,18.5,29.32,8449807,0.30073,0.18745
flat_plate,0.733,0.018,1.803,0.049,1.024,1.146,0.0,0.0,39.11,126411,1.1936,0.00138
suv,13.357,6.825,2.896,4.649,1.863,1.723,0.5,0.6,35.35,10840511,0.3641,0.17876
cylinder,2.366,0.702,0.369,1.204,0.148,0.727,0.0,0.0,15.81,1255623,0.29762,0.00859
airfoil,3.518,0.471,0.119,1.405,0.605,0.228,0.0,6.5,29.18,2704347,0.01021,0.70235
sedan,9.786,3.594,2.05,4.833,1.751,1.364,1.8,16.8,35.17,11212177,0.24187,0.21614
fsae,7.715,1.267,1.324,3.811,1.512,1.27,36.3,3.6,41.97,10550638,0.95309,-3.07296
ahmed_body,3.788,0.963,0.088,1.136,0.383,0.3,0.0,22.7,44.09,3303842,0.29013,0.0911
fsae,6.311,1.284,1.097,3.451,1.659,1.288,36.7,1.4,33.35,7591745,0.92637,-2.99679
fsae,8.19,1.249,1.308,3.495,1.497,1.276,42.2,2.4,16.76,3863865,0.99362,-3.15458
cylinder,7.567,0.263,1.236,2.949,0.136,0.265,0.0,0.0,39.97,7775167,0.30288,-0.00659
airfoil,1.139,0.114,0.097,0.567,1.977,0.089,0.0,0.9,68.98,2579925,0.00603,0.10948
airfoil,2.971,0.353,0.174,0.756,1.114,0.042,0.0,10.6,60.77,3030483,0.02185,1.17305
wedge,5.371,1.171,0.304,1.296,0.619,0.872,0.0,13.4,11.57,989098,0.43403,0.12398
suv,16.669,4.398,2.557,5.136,1.819,1.62,2.5,5.1,22.51,7626079,0.37686,0.12548
wedge,4.658,0.473,0.297,1.462,1.498,0.613,0.0,17.0,34.86,3361828,0.46312,0.14511
suv,13.736,5.165,2.56,4.43,1.811,1.849,1.1,8.2,41.47,12118212,0.36157,0.18529
fsae,6.752,1.258,1.152,3.391,1.587,1.208,33.4,3.7,31.71,7092916,0.95902,-2.8791
suv,13.487,5.68,3.198,4.384,1.847,1.668,1.2,3.1,24.72,7148580,0.36661,0.12721
sphere,2.747,0.383,1.597,0.943,0.109,0.938,0.0,0.0,33.83,2104333,0.10199,-0.00689
sedan,9.514,2.82,1.818,4.154,1.738,1.348,1.7,17.5,36.56,10017826,0.2381,0.22029
flat_plate,2.975,0.039,1.18,0.032,0.791,1.767,0.0,0.0,35.55,75040,1.271,0.01466
ahmed_body,4.393,0.952,0.107,0.901,0.41,0.296,0.0,2.5,30.75,1827556,0.2482,0.01529
ahmed_body,3.552,0.99,0.099,1.155,0.388,0.3,0.0,26.6,21.45,1634218,0.29991,0.10146
sedan,8.56,3.438,2.34,4.051,1.666,1.356,4.0,11.2,28.16,7524813,0.25886,0.1578
ahmed_body,4.842,0.818,0.11,0.938,0.366,0.288,0.0,20.5,48.17,2980439,0.28474,0.08146
fsae,6.804,0.811,1.308,3.958,1.658,1.299,25.1,3.4,30.51,7965606,0.91314,-2.64884
wedge,5.649,1.368,0.326,1.986,1.457,0.733,0.0,46.2,20.38,2669834,0.75956,0.27772
ahmed_body,3.714,0.911,0.105,1.186,0.363,0.261,0.0,7.4,41.18,3221602,0.25854,0.05329
suv,17.69,4.99,2.607,4.85,1.953,1.848,0.7,1.8,39.49,12633674,0.35413,0.1565
fsae,5.644,1.41,1.445,3.562,1.337,1.102,31.0,1.6,39.22,9215148,0.99991,-2.83095
truck,42.324,43.448,9.418,14.923,2.538,3.931,0.0,4.0,30.72,30239747,0.70303,0.07996
cylinder,1.516,1.204,1.981,2.458,0.568,0.105,0.0,0.0,25.55,4142606,0.29655,0.00363
sphere,4.277,3.463,1.615,0.808,0.35,1.084,0.0,0.0,6.01,320322,0.39329,-0.01689
suv,16.334,5.476,2.615,5.111,1.87,1.632,1.8,7.1,22.54,7599073,0.36738,0.13306
sedan,11.491,3.847,1.902,4.526,1.616,1.493,5.0,19.3,46.63,13921331,0.29427,0.25215
flat_plate,2.932,0.024,2.456,0.016,0.878,1.701,0.0,0.0,6.61,6976,1.25902,0.00354
cylinder,6.601,0.278,1.773,1.577,0.115,0.804,0.0,0.0,46.56,4843346,0.29375,-0.01081
fsae,7.185,1.057,1.099,3.678,1.434,1.166,15.9,4.5,34.73,8425920,0.80658,-2.1469
fsae,7.097,1.084,1.068,4.228,1.502,1.283,19.2,3.0,45.56,12706311,0.90263,-2.26916
ahmed_body,3.81,0.655,0.101,0.973,0.415,0.263,0.0,25.8,35.76,2295150,0.2913,0.09535
wedge,2.967,0.671,1.484,1.685,0.781,0.205,0.0,47.7,45.05,5007206,0.73345,0.29018
airfoil,3.734,0.444,0.177,1.966,1.11,0.202,0.0,8.7,29.37,3808801,0.01312,0.95077
sphere,7.39,4.16,2.689,1.128,0.987,0.682,0.0,0.0,12.28,913710,0.10193,-0.01001
cylinder,7.417,0.157,0.46,2.219,0.503,0.383,0.0,0.0,24.69,3613925,0.294,0.00839
suv,17.338,6.153,2.635,4.316,2.08,1.8,1.4,8.2,34.8,9907441,0.38805,0.14152
airfoil,2.808,0.185,0.174,0.566,0.4,0.106,0.0,8.8,43.99,1642371,0.01358,0.97466
flat_plate,2.072,0.035,0.958,0.014,0.8,1.383,0.0,0.0,35.47,32756,1.27104,-0.00118
sphere,10.31,2.275,0.726,0.905,0.514,1.231,0.0,0.0,38.14,2276827,0.09954,-0.00405
ahmed_body,3.994,0.793,0.097,1.176,0.374,0.26,0.0,34.1,50.95,3952322,0.334,0.10273
ahmed_body,4.279,0.954,0.103,0.987,0.382,0.274,0.0,30.5,30.77,2003297,0.31631,0.10437
suv,15.037,4.099,2.921,4.783,1.987,1.751,1.3,2.3,30.86,9736371,0.36957,0.15637
wedge,2.646,0.655,0.887,1.594,0.437,0.411,0.0,21.6,13.29,1397379,0.50004,0.15897
fsae,6.536,1.319,1.407,3.917,1.652,1.294,29.9,1.0,36.88,9528955,0.95175,-2.79883
sphere,6.349,1.958,1.802,0.128,0.907,1.249,0.0,0.0,44.96,379609,0.30298,-0.00264
fsae,6.889,1.084,1.398,3.84,1.567,1.267,23.1,3.3,23.38,5922111,0.87552,-2.31584
wedge,4.914,0.7,0.641,0.508,0.935,0.799,0.0,26.1,19.72,660802,0.54985,0.1951
airfoil,2.88,0.267,0.099,1.359,1.641,0.163,0.0,2.1,37.56,3367021,0.00642,0.24454
ahmed_body,3.85,0.713,0.105,1.059,0.413,0.312,0.0,18.9,26.0,1816227,0.27944,0.07236
truck,42.002,20.939,9.848,12.438,2.448,3.56,0.0,2.4,24.54,20133807,0.65072,0.07912
flat_plate,4.847,0.029,2.296,0.034,1.732,1.543,0.0,0.0,29.01,65062,1.24396,-0.00248
suv,17.072,6.794,2.929,4.73,1.886,1.801,1.2,3.8,36.8,11481794,0.36159,0.16071
sedan,9.19,2.575,2.146,4.098,1.837,1.482,2.9,12.4,32.32,8736633,0.26186,0.17596
suv,17.825,5.529,2.774,5.037,1.871,1.813,3.0,6.2,28.38,9429423,0.37692,0.13263
suv,17.53,4.857,3.038,5.135,2.006,1.842,0.5,0.8,38.36,12993311,0.36872,0.1898
airfoil,3.658,0.247,0.084,0.93,1.463,0.038,0.0,1.4,57.51,3527988,0.0061,0.14611
suv,13.969,4.447,2.668,4.561,2.091,1.841,0.6,0.2,41.97,12626990,0.35031,0.18268
sphere,4.178,2.388,1.35,0.841,0.814,0.727,0.0,0.0,35.81,1986557,0.09779,-0.00334
sphere,9.108,3.932,0.425,1.482,0.361,0.699,0.0,0.0,36.54,3572050,0.09411,0.02178
wedge,1.336,1.923,0.582,0.961,0.379,0.215,0.0,38.0,15.22,964803,0.67657,0.23397
fsae,8.314,1.111,1.55,4.398,1.479,1.18,22.4,4.6,40.16,11650639,0.90079,-2.42856
ahmed_body,4.01,0.632,0.089,1.172,0.396,0.258,0.0,16.4,54.36,4202501,0.26814,0.07464
fsae,6.001,1.492,1.317,3.322,1.509,1.254,24.1,4.3,30.32,6644000,0.8872,-2.48679
wedge,4.751,0.812,0.821,1.441,1.394,0.419,0.0,47.2,26.96,2562623,0.76518,0.28518
suv,12.958,6.655,3.063,4.804,1.876,1.882,0.1,4.4,20.49,6493005,0.37671,0.13894
airfoil,3.717,0.397,0.148,1.194,0.986,0.105,0.0,9.9,38.49,3031468,0.01552,1.14918
suv,14.204,6.011,2.655,4.953,2.098,1.826,2.4,4.1,24.49,8001251,0.37879,0.13054
wedge,3.375,0.664,1.212,0.764,0.327,0.789,0.0,47.9,22.28,1122818,0.79513,0.27649
truck,39.909,41.741,7.418,12.68,2.447,4.072,0.0,1.9,27.88,23319156,0.67479,0.06449
fsae,7.701,1.433,1.094,4.466,1.406,1.254,29.1,0.3,19.8,5832902,0.94569,-2.65609
wedge,2.097,0.516,0.901,0.789,0.643,0.724,0.0,47.1,22.01,1145507,0.78998,0.29241
flat_plate,5.945,0.041,1.06,0.014,1.351,0.887,0.0,0.0,28.97,26753,1.21465,0.00788
suv,13.151,4.259,2.674,4.599,1.855,1.615,2.9,2.2,43.48,13190272,0.35855,0.17958
sphere,11.65,1.214,2.379,0.126,0.826,1.418,0.0,0.0,7.17,59592,0.44366,0.00999
truck,53.21,44.946,9.294,11.644,2.443,3.724,0.0,2.9,33.38,25638306,0.72832,0.06817
flat_plate,5.742,0.034,2.261,0.05,1.136,1.554,0.0,0.0,6.93,22856,1.21589,0.01565
suv,17.623,4.497,3.164,4.896,1.998,1.857,2.9,7.5,22.25,7185752,0.36908,0.13736
fsae,7.686,0.824,1.553,4.158,1.399,1.248,36.9,2.7,36.99,10145410,1.01517,-3.04995
sedan,8.159,3.229,2.315,4.403,1.741,1.35,1.3,10.5,32.33,9389775,0.26468,0.16809
wedge,2.502,1.252,1.133,1.212,1.427,0.657,0.0,52.3,42.61,3406551,0.80505,0.31818
fsae,8.306,1.495,1.424,3.463,1.413,1.206,17.6,3.4,38.53,8801411,0.85894,-2.28169
flat_plate,1.033,0.043,0.447,0.028,1.099,1.982,0.0,0.0,29.46,54412,1.24623,-0.00039
sedan,10.279,3.081,2.279,4.209,1.727,1.494,3.5,17.3,35.72,9917248,0.25413,0.21001
sedan,10.891,3.246,2.093,4.079,1.718,1.329,1.2,19.1,24.67,6637792,0.30418,0.19112
wedge,4.84,0.886,0.628,0.669,0.418,0.932,0.0,56.2,40.87,1803564,0.86508,0.33768
flat_plate,1.175,0.045,2.639,0.017,1.991,1.186,0.0,0.0,25.52,28617,1.18814,0.00786
fsae,6.732,1.138,1.226,3.24,1.459,1.045,25.3,0.9,36.7,7843536,0.88893,-2.48171
suv,12.977,6.825,2.602,4.634,1.862,1.831,1.0,3.3,26.85,8207315,0.37537,0.1249
sphere,2.096,1.263,0.221,0.711,0.504,0.787,0.0,0.0,5.08,238251,0.43879,0.02072
airfoil,1.542,0.308,0.193,0.757,0.38,0.133,0.0,0.3,77.04,3846918,0.00632,0.04351
suv,17.268,4.425,2.59,5.058,1.932,1.669,1.1,5.3,36.91,12314695,0.38496,0.1635
airfoil,1.524,0.343,0.176,1.81,1.793,0.089,0.0,8.6,27.93,3334650,0.01286,0.92381
cylinder,4.12,2.284,0.605,1.468,0.541,0.297,0.0,0.0,14.83,1436045,0.30429,-0.01598
ahmed_body,4.785,0.853,0.106,0.927,0.371,0.28,0.0,18.9,39.76,2431235,0.27807,0.07324
fsae,6.572,1.045,1.174,3.467,1.66,1.021,31.5,0.4,48.3,11045917,0.92398,-2.66478
wedge,2.616,1.286,0.868,2.272,1.165,0.832,0.0,58.5,15.06,2257013,0.87584,0.33994
suv,16.146,5.751,3.028,4.979,1.936,1.784,1.0,3.9,33.75,11084515,0.36014,0.16056
sphere,0.561,2.355,0.761,0.123,1.164,1.445,0.0,0.0,42.0,340765,0.37378,0.01867
cylinder,4.558,0.291,1.414,1.897,0.716,0.926,0.0,0.0,12.71,1590427,0.28591,0.00676
fsae,8.41,0.926,1.444,4.389,1.448,1.241,21.4,1.7,23.1,6687724,0.88876,-2.4648
cylinder,4.431,2.448,1.091,1.395,0.826,0.614,0.0,0.0,6.97,641369,0.28869,0.00115
sedan,11.687,2.899,2.043,4.631,1.882,1.344,1.2,17.5,28.4,8675488,0.2485,0.19094
sedan,12.545,3.505,2.232,4.255,1.852,1.353,3.4,18.9,48.45,13598598,0.29944,0.26724
wedge,4.561,0.201,1.17,1.809,1.165,0.566,0.0,30.3,13.78,1644328,0.61935,0.19254
fsae,8.142,0.88,1.025,3.497,1.622,1.082,41.8,3.0,17.94,4138270,0.96854,-3.19213
sedan,12.54,3.839,2.224,4.938,1.874,1.413,4.5,12.2,22.99,7488431,0.2631,0.13244
fsae,5.562,1.198,1.591,4.443,1.344,1.179,28.6,4.2,30.36,8897723,0.92262,-2.86526
suv,14.065,5.08,2.836,4.986,1.88,1.633,0.2,5.1,35.07,11534236,0.37922,0.17696
wedge,1.228,0.527,0.77,1.043,1.074,0.2,0.0,19.8,31.55,2170623,0.49011,0.17032
fsae,6.954,0.848,1.561,4.255,1.534,1.054,25.2,4.8,45.9,12882883,0.92504,-2.60017
fsae,7.537,0.909,1.439,3.323,1.658,1.087,24.3,1.0,45.59,9993111,0.90755,-2.50213
ahmed_body,4.917,0.937,0.084,1.077,0.41,0.284,0.0,2.0,42.31,3005796,0.24864,0.01209
sphere,10.55,4.832,1.675,0.876,0.467,0.742,0.0,0.0,21.96,1268929,0.09881,0.01298
cylinder,5.109,2.297,0.39,0.686,0.476,0.59,0.0,0.0,38.15,1726313,0.29573,-0.00618
sphere,7.499,2.46,0.657,0.356,0.419,0.803,0.0,0.0,11.68,274280,0.45179,-0.00664
fsae,5.886,1.06,1.24,3.875,1.648,1.104,41.1,1.8,39.07,9986560,1.01056,-3.02519
airfoil,3.992,0.118,0.184,0.984,0.984,0.042,0.0,2.4,78.67,5106285,0.00669,0.27884
cylinder,1.228,0.112,0.615,1.437,0.514,0.129,0.0,0.0,48.77,4622856,0.2964,0.00602
sphere,6.247,1.105,1.292,1.14,0.907,0.937,0.0,0.0,25.72,1934090,0.10149,0.00657
fsae,6.451,1.358,1.237,3.937,1.508,1.256,36.7,3.3,21.96,5702937,0.98122,-2.9505
suv,12.398,4.304,2.827,4.599,2.048,1.771,1.6,2.3,24.32,7377815,0.36589,0.14194
suv,14.197,4.374,2.583,4.828,1.884,1.656,1.6,0.7,33.42,10643256,0.36333,0.16357
fsae,7.346,0.871,1.029,4.166,1.652,1.153,15.2,4.5,15.16,4166000,0.84216,-2.09073
airfoil,3.159,0.183,0.076,1.389,0.312,0.188,0.0,0.8,78.08,7153900,0.00613,0.08607
cylinder,7.32,2.9,0.71,1.789,0.471,0.278,0.0,0.0,30.57,3607502,0.29482,-0.00854
airfoil,0.92,0.397,0.158,1.775,1.548,0.065,0.0,11.9,77.7,9097460,0.04636,1.27633
wedge,3.248,0.408,0.581,0.943,0.813,0.583,0.0,57.9,34.04,2117396,0.87902,0.33395
cylinder,1.795,0.698,1.306,2.553,0.371,0.769,0.0,0.0,31.47,5299664,0.30119,0.00305
flat_plate,3.8,0.004,0.581,0.039,0.587,0.54,0.0,0.0,14.18,36479,1.26391,0.00784
sedan,8.382,4.064,2.24,4.978,1.876,1.467,3.3,18.9,34.83,11436922,0.30223,0.20302
ahmed_body,4.802,0.734,0.084,1.046,0.357,0.264,0.0,22.4,45.37,3130410,0.28633,0.08899
fsae,7.321,0.824,1.551,4.197,1.357,1.194,34.8,3.2,48.39,13396625,0.98917,-2.94623
sedan,9.262,3.458,2.378,4.845,1.629,1.346,4.3,13.2,26.64,8513905,0.26065,0.15864
sedan,11.475,2.699,1.963,4.292,1.766,1.482,3.1,17.5,36.07,10211902,0.24327,0.20379
cylinder,6.602,0.364,1.936,2.553,0.195,0.281,0.0,0.0,26.08,4391968,0.30005,-0.01769
airfoil,1.636,0.032,0.165,1.288,0.381,0.047,0.0,10.9,75.93,6451045,0.02679,1.13782
ahmed_body,4.8,0.981,0.107,0.927,0.383,0.259,0.0,21.2,24.34,1488336,0.28826,0.08639
sedan,10.386,3.297,2.0,4.193,1.894,1.337,4.4,17.8,32.89,9096819,0.24613,0.21218
sphere,7.165,2.11,2.999,0.118,0.16,1.167,0.0,0.0,40.9,318351,0.41142,0.00361
sphere,0.543,4.532,1.403,0.445,0.545,0.858,0.0,0.0,41.87,1229034,0.10057,-0.00693
sphere,8.367,2.847,1.433,1.266,0.894,0.293,0.0,0.0,28.67,2394210,0.09914,-0.01013
airfoil,0.835,0.239,0.179,1.229,0.507,0.12,0.0,8.1,38.37,3110602,0.01252,0.85535
suv,16.491,4.373,2.904,4.828,1.98,1.862,2.5,0.2,20.1,6401240,0.37738,0.13047
ahmed_body,4.522,0.933,0.103,1.097,0.382,0.276,0.0,11.5,57.26,4143418,0.27137,0.03602
sphere,5.828,0.072,0.683,1.127,0.62,0.398,0.0,0.0,37.77,2807836,0.09783,0.00257
cylinder,6.597,0.575,1.469,2.546,0.558,0.977,0.0,0.0,26.94,4524356,0.29721,-0.00516
sphere,9.745,3.187,0.318,0.323,0.543,0.974,0.0,0.0,35.0,745712,0.09895,-0.00117
fsae,8.458,1.04,1.209,4.386,1.565,1.135,24.5,0.8,48.83,14127202,0.86547,-2.51245
airfoil,3.518,0.291,0.086,1.421,1.566,0.069,0.0,2.6,76.75,7194047,0.00675,0.28741
truck,52.139,21.357,8.433,8.424,2.451,3.964,0.0,0.6,21.07,11708026,0.70387,0.08109
sedan,10.487,3.528,1.866,4.235,1.88,1.414,2.0,12.1,43.65,12193783,0.2607,0.19899
cylinder,5.573,2.623,0.579,2.855,0.768,0.952,0.0,0.0,47.13,8875735,0.2915,0.00702
suv,14.733,6.823,2.646,4.739,2.087,1.719,1.4,9.6,36.16,11303578,0.38282,0.1797
wedge,5.174,1.202,0.54,1.787,0.916,0.596,0.0,30.2,15.74,1855368,0.60147,0.19868
sedan,8.258,4.351,1.996,4.389,1.865,1.356,2.3,11.5,38.36,11105675,0.26085,0.21244
wedge,3.742,1.023,0.982,1.805,1.265,0.725,0.0,44.2,44.68,5319749,0.72621,0.26268
cylinder,2.51,2.952,1.944,2.622,0.374,0.66,0.0,0.0,38.3,6624182,0.29633,-0.00052
ahmed_body,4.102,0.791,0.097,0.979,0.407,0.299,0.0,5.4,25.1,1620904,0.26108,0.03181
airfoil,3.808,0.493,0.089,1.051,1.533,0.18,0.0,3.4,63.84,4425847,0.00716,0.39338
airfoil,0.682,0.463,0.157,0.665,1.34,0.233,0.0,10.0,36.34,1594070,0.01592,1.0912
sedan,10.68,2.822,2.17,4.998,1.731,1.391,2.0,14.2,31.57,10408104,0.25059,0.1712
sedan,8.778,2.953,2.047,4.259,1.896,1.495,1.6,14.0,22.97,6453115,0.26598,0.13774
ahmed_body,3.534,0.979,0.09,1.026,0.404,0.265,0.0,25.5,47.77,3232983,0.2993,0.09617
airfoil,1.926,0.122,0.146,1.646,0.316,0.183,0.0,0.7,37.26,4045512,0.00609,0.07485
fsae,5.612,1.027,1.057,3.916,1.477,1.036,16.2,1.9,36.79,9503274,0.86034,-2.11442
sphere,6.85,1.493,1.314,0.102,0.882,1.298,0.0,0.0,26.27,176751,0.44838,-0.00147
wedge,3.943,0.296,0.847,1.39,0.685,0.971,0.0,31.3,46.86,4296530,0.59052,0.20267
airfoil,1.765,0.046,0.047,1.749,1.664,0.224,0.0,11.4,21.16,2441216,0.03448,1.31967
fsae,7.544,1.308,1.052,3.502,1.335,1.276,18.6,1.0,47.12,10884844,0.89133,-2.19233
ahmed_body,4.926,0.944,0.088,0.983,0.416,0.32,0.0,19.4,41.62,2698711,0.27656,0.08861
wedge,2.053,1.515,0.224,1.662,1.257,0.824,0.0,56.0,38.44,4214201,0.86245,0.3375
wedge,1.281,0.887,1.364,0.945,0.626,0.889,0.0,18.9,31.33,1952958,0.4799,0.16099
sedan,11.496,3.625,2.226,4.831,1.792,1.494,4.5,18.6,36.84,11739712,0.30936,0.21922
sedan,11.248,2.642,2.114,4.972,1.749,1.345,4.3,14.0,31.97,10485148,0.24717,0.18552
wedge,1.678,1.232,1.129,0.759,1.399,0.669,0.0,33.3,21.49,1075918,0.64617,0.19717
sedan,10.511,3.87,2.128,4.659,1.64,1.461,4.2,14.2,23.91,7348067,0.25546,0.14215
sphere,11.925,3.553,0.07,1.2,1.118,1.132,0.0,0.0,42.65,3375989,0.09762,0.00844
ahmed_body,4.109,0.665,0.108,1.15,0.353,0.267,0.0,16.2,45.46,3448483,0.25991,0.07759
suv,16.361,4.398,2.793,4.779,1.856,1.789,2.7,0.6,28.3,8921220,0.36978,0.14675
wedge,1.248,0.239,0.898,2.261,0.4,0.234,0.0,50.2,18.16,2708427,0.79845,0.30859
airfoil,2.958,0.464,0.098,1.022,0.496,0.038,0.0,3.1,55.15,3717896,0.00677,0.31441
ahmed_body,4.575,0.947,0.109,1.115,0.386,0.271,0.0,23.5,58.77,4322464,0.28683,0.11908
sedan,11.305,3.691,2.258,4.5,1.845,1.351,3.7,11.4,47.68,14153034,0.24876,0.22642
flat_plate,1.215,0.015,2.42,0.02,1.295,1.784,0.0,0.0,11.93,15739,1.28446,0.02218
fsae,6.178,1.351,1.275,4.382,1.595,1.238,22.6,2.0,23.12,6682839,0.9089,-2.62382
fsae,6.78,0.912,1.122,3.642,1.534,1.22,41.0,4.6,34.06,8182488,0.97325,-2.98363
ahmed_body,4.655,0.939,0.111,0.926,0.413,0.301,0.0,10.1,48.62,2969797,0.27454,0.05582
fsae,8.087,1.061,1.476,3.883,1.395,1.089,32.6,5.0,25.88,6628763,0.95273,-2.81739
wedge,3.961,0.605,0.525,1.415,1.028,0.377,0.0,25.0,48.12,4491412,0.54485,0.19714
wedge,3.688,1.712,1.079,0.843,1.434,0.423,0.0,38.9,39.15,2177009,0.67144,0.25172
airfoil,1.834,0.458,0.14,1.88,0.443,0.102,0.0,6.2,76.86,9531451,0.01,0.68279
sedan,9.397,2.539,2.022,4.155,1.646,1.412,2.8,10.6,48.16,13199525,0.26141,0.23524
cylinder,5.87,1.763,1.719,0.87,0.532,0.965,0.0,0.0,46.35,2659927,0.30061,0.00234
airfoil,1.014,0.345,0.16,1.803,1.326,0.227,0.0,9.0,40.84,4857158,0.01387,0.98743
sedan,12.369,3.008,2.332,4.915,1.872,1.452,5.0,12.5,27.33,8860617,0.25288,0.15798
fsae,6.357,1.13,1.281,4.442,1.588,1.232,36.6,1.8,22.42,6569237,0.96331,-2.94126
cylinder,6.108,1.358,0.516,1.21,0.672,0.654,0.0,0.0,49.7,3966821,0.30535,0.00914
wedge,5.421,0.89,1.43,1.874,0.537,0.654,0.0,22.6,47.56,5879119,0.52356,0.15462
flat_plate,2.916,0.019,1.8,0.031,1.872,1.919,0.0,0.0,14.61,29875,1.20977,0.02095
fsae,5.636,1.383,1.364,4.177,1.489,1.142,32.0,1.2,34.06,9384474,0.9232,-2.90587
suv,14.229,6.668,3.174,4.938,1.866,1.897,1.5,7.1,41.22,13426409,0.37971,0.18336
airfoil,0.788,0.373,0.034,1.836,1.448,0.208,0.0,11.5,24.92,3018016,0.03617,1.20833
suv,17.053,6.185,2.545,4.678,1.86,1.831,1.6,9.7,39.66,12238092,0.36682,0.15494
sedan,12.581,3.394,2.324,4.856,1.779,1.491,2.6,13.9,37.61,12047108,0.24981,0.20249
sphere,4.382,4.511,0.808,0.563,0.362,0.289,0.0,0.0,45.06,1673402,0.09899,0.00564
sedan,10.831,3.685,1.982,4.483,1.756,1.365,1.0,11.0,40.86,12082809,0.26468,0.178
airfoil,2.255,0.439,0.035,1.409,1.6,0.07,0.0,7.1,77.3,7184413,0.01121,0.78683
suv,16.086,4.571,2.925,4.416,1.808,1.823,1.9,2.6,27.93,8135810,0.36555,0.131
fsae,6.882,1.104,1.099,3.661,1.583,1.163,27.1,1.8,18.16,4385472,0.90447,-2.5045
fsae,8.142,1.155,1.453,3.391,1.437,1.026,31.3,4.0,39.56,8848810,0.965,-2.80901
sedan,9.561,2.767,2.118,4.026,1.693,1.314,4.0,17.0,41.95,11140547,0.24463,0.23742
sedan,12.857,3.699,2.215,4.029,1.673,1.378,4.7,18.8,45.46,12081685,0.30674,0.25396
suv,16.125,5.879,3.163,4.732,2.002,1.806,0.9,7.2,41.01,12800747,0.37781,0.19379
flat_plate,4.47,0.003,1.735,0.029,0.931,0.543,0.0,0.0,31.44,60142,1.23579,0.00854
airfoil,0.5,0.098,0.124,1.271,1.841,0.054,0.0,3.6,65.05,5453730,0.00714,0.38733
sedan,8.161,4.072,1.935,4.929,1.717,1.452,3.4,14.7,47.88,15567317,0.25035,0.24706
sedan,8.34,3.322,1.92,4.54,1.734,1.413,1.8,13.7,35.07,10502493,0.25596,0.1829
cylinder,5.989,1.647,1.063,0.769,0.821,0.285,0.0,0.0,40.68,2063517,0.30143,0.00658
airfoil,1.014,0.257,0.143,1.983,1.199,0.171,0.0,5.0,76.91,10060193,0.00859,0.54759
sedan,9.336,2.823,1.974,4.245,1.673,1.426,1.0,18.8,21.49,6017484,0.30647,0.15852
wedge,4.785,1.034,1.21,1.513,0.849,0.671,0.0,36.7,10.09,1007003,0.67765,0.2196
suv,12.235,6.117,2.579,4.405,1.953,1.701,0.6,6.8,27.8,8077770,0.37072,0.12903
wedge,4.001,0.889,0.564,1.47,0.493,0.873,0.0,13.3,48.85,4736774,0.4406,0.11026
fsae,5.712,1.532,1.165,4.441,1.535,1.033,33.1,4.7,27.61,8088127,0.93087,-2.6899
wedge,1.732,0.738,0.35,0.713,0.96,0.445,0.0,36.4,45.53,2141352,0.66578,0.232
fsae,6.121,1.493,1.226,3.729,1.696,1.086,22.4,0.0,23.86,5868993,0.90934,-2.35182
wedge,4.391,0.835,0.304,1.4,1.143,0.851,0.0,16.9,33.56,3099208,0.46454,0.14311
suv,17.098,5.192,2.625,5.199,2.034,1.738,1.1,1.8,27.13,9304015,0.36553,0.14419
wedge,4.604,0.471,0.395,1.544,0.891,0.304,0.0,24.3,39.98,4071842,0.55793,0.18416
truck,46.621,36.31,7.115,9.781,2.567,4.044,0.0,4.5,20.54,13252094,0.72333,0.0559
wedge,1.728,0.574,0.916,2.11,1.161,0.425,0.0,11.3,32.31,4496972,0.40321,0.08262
sedan,12.164,4.138,2.028,4.584,1.737,1.347,4.9,19.4,21.04,6361963,0.29921,0.16488
fsae,7.757,1.155,1.404,3.357,1.632,1.078,35.4,1.4,33.8,7484604,0.97104,-2.93234
sedan,8.51,3.799,2.192,4.211,1.789,1.406,1.4,14.0,32.1,8916431,0.25208,0.15985
wedge,3.055,1.083,0.93,0.581,0.32,0.891,0.0,32.0,24.24,928987,0.6343,0.20585
cylinder,2.085,1.961,1.565,1.467,0.571,0.606,0.0,0.0,20.44,1977934,0.31005,0.02207
sedan,8.71,3.724,1.889,4.213,1.662,1.317,4.9,19.7,27.06,7520038,0.31073,0.1915
fsae,5.561,1.119,1.568,4.037,1.395,1.112,23.3,2.3,41.79,11128379,0.93266,-2.44255
flat_plate,5.703,0.004,1.887,0.034,0.533,0.695,0.0,0.0,25.54,57280,1.19582,-0.00423
sphere,9.89,3.893,0.722,0.171,0.988,1.39,0.0,0.0,38.14,430207,0.22309,0.00528
sphere,10.106,4.919,2.742,0.674,0.497,0.453,0.0,0.0,5.86,260530,0.43757,0.00057
airfoil,3.198,0.049,0.021,1.475,0.747,0.06,0.0,6.9,32.88,3199077,0.01063,0.74471
suv,14.693,4.907,2.694,4.36,1.894,1.821,0.5,7.0,26.22,7540844,0.37637,0.14236
fsae,8.022,1.408,1.18,3.297,1.603,1.179,28.5,1.7,45.13,9814882,0.89038,-2.72949
wedge,3.817,1.702,0.464,1.588,0.663,0.832,0.0,42.2,11.22,1175288,0.73341,0.24779
sedan,10.116,2.939,1.976,4.675,1.773,1.304,3.9,18.5,25.13,7749522,0.29789,0.1885
sphere,1.569,3.531,2.202,0.409,0.506,0.417,0.0,0.0,15.46,417094,0.2366,0.00394
ahmed_body,3.658,0.665,0.092,1.141,0.405,0.286,0.0,12.8,30.03,2260173,0.25143,0.07134
fsae,5.553,1.125,1.034,3.75,1.49,1.163,21.2,0.3,43.73,10817117,0.87334,-2.33271
sedan,9.237,3.125,1.986,4.499,1.761,1.447,0.5,19.0,39.19,11630330,0.29469,0.22906
cylinder,2.515,2.705,0.654,1.541,0.812,0.522,0.0,0.0,31.76,3228375,0.30546,0.01615
fsae,8.098,0.92,1.377,3.752,1.31,1.272,31.8,1.2,31.56,7810892,0.92745,-2.86575
ahmed_body,3.594,0.949,0.088,1.003,0.38,0.293,0.0,10.1,51.88,3432430,0.26641,0.05629
cylinder,1.201,2.821,0.703,0.796,0.688,0.698,0.0,0.0,46.61,2447332,0.29669,-0.01122
sedan,10.506,4.34,2.396,4.847,1.653,1.336,1.1,19.5,21.4,6842071,0.30369,0.1785
ahmed_body,4.578,0.721,0.085,1.062,0.392,0.303,0.0,8.3,23.88,1672860,0.26526,0.03229
flat_plate,4.782,0.046,1.039,0.019,1.704,1.834,0.0,0.0,37.71,47262,1.22931,0.01984
flat_plate,3.44,0.02,2.633,0.042,1.002,1.187,0.0,0.0,18.96,52528,1.24099,-0.01713
fsae,7.799,0.841,1.443,4.462,1.674,1.203,41.5,0.4,47.44,13962881,1.00716,-3.29278
truck,34.442,44.211,9.552,15.911,2.492,4.199,0.0,4.0,26.1,27392949,0.69959,0.08743
fsae,5.998,1.227,1.083,4.435,1.355,1.007,42.7,4.0,43.31,12670175,0.97792,-3.04543
wedge,2.321,1.675,1.392,1.915,0.479,0.791,0.0,55.3,36.93,4664970,0.83691,0.32545
ahmed_body,3.973,0.617,0.089,0.902,0.372,0.27,0.0,38.3,33.83,2012840,0.35468,0.10343
sphere,5.852,0.201,1.411,1.038,0.872,0.716,0.0,0.0,31.5,2156794,0.10098,0.02863
cylinder,7.856,1.457,0.106,0.811,0.614,0.306,0.0,0.0,13.19,705613,0.30596,0.00162
cylinder,4.07,2.893,1.985,1.852,0.361,0.565,0.0,0.0,27.69,3382710,0.30554,0.00367
cylinder,1.962,2.948,1.823,1.363,0.981,0.422,0.0,0.0,18.81,1691163,0.30614,0.01136
wedge,3.173,0.239,0.518,1.576,1.325,0.848,0.0,26.2,41.62,4326723,0.5521,0.182
wedge,2.536,1.505,0.237,0.845,0.354,0.604,0.0,31.2,27.88,1553997,0.59732,0.21196
suv,12.295,6.132,3.199,4.488,2.055,1.823,0.7,9.0,43.29,12815668,0.37262,0.17416
sedan,10.52,4.128,2.251,4.642,1.733,1.335,2.3,19.5,25.86,7918346,0.31238,0.18998
suv,13.73,5.221,2.707,4.551,1.901,1.838,0.9,5.4,32.53,9765437,0.37439,0.15528
sedan,11.702,3.111,1.856,4.541,1.821,1.443,4.3,12.2,46.66,13976455,0.26319,0.2413
suv,16.756,4.96,2.651,4.548,2.097,1.634,2.1,1.1,36.67,11001000,0.37108,0.1818
sedan,12.348,3.07,2.073,4.965,1.852,1.353,3.7,13.8,42.8,14017282,0.25228,0.23802
sedan,10.213,4.035,2.295,4.769,1.693,1.31,4.0,16.7,24.3,7644241,0.24372,0.1563
cylinder,6.924,1.619,0.533,1.32,0.703,0.419,0.0,0.0,18.46,1607335,0.29623,0.02315
suv,12.386,6.668,3.055,4.364,1.889,1.686,0.1,4.8,42.57,12254319,0.36653,0.16874
sedan,11.073,4.043,2.338,4.901,1.653,1.374,4.9,19.3,33.61,10865608,0.29929,0.19522
sedan,12.722,3.771,2.328,4.851,1.775,1.323,2.4,13.9,32.0,10239578,0.2508,0.16652
suv,14.251,4.71,2.708,4.97,2.031,1.899,0.1,4.0,24.59,8061497,0.37175,0.13103
ahmed_body,4.264,0.634,0.094,1.185,0.416,0.29,0.0,29.5,25.55,1997147,0.31521,0.11717
suv,15.875,6.801,3.169,4.454,1.851,1.796,2.4,7.4,27.81,8170563,0.37292,0.11781
flat_plate,2.192,0.043,2.067,0.023,1.187,1.303,0.0,0.0,14.21,21559,1.28651,0.00572
ahmed_body,4.82,0.988,0.111,1.015,0.364,0.312,0.0,38.0,59.9,4010455,0.33757,0.11669
wedge,5.021,0.487,0.368,1.185,0.659,0.557,0.0,58.6,14.2,1109960,0.86548,0.36001
cylinder,5.799,1.441,1.375,1.678,0.336,0.172,0.0,0.0,29.39,3253062,0.29571,0.02288
fsae,8.285,0.995,1.032,4.063,1.617,1.277,23.6,1.0,20.5,5494162,0.90435,-2.34799
fsae,6.643,1.406,1.211,4.207,1.582,1.294,19.3,0.6,30.93,8583279,0.87988,-2.26605
sedan,11.961,3.4,1.938,4.61,1.648,1.314,1.8,11.3,41.51,12622764,0.25593,0.19764
airfoil,0.57,0.065,0.07,0.996,1.086,0.178,0.0,10.0,50.51,3318467,0.01536,1.05226
suv,15.473,5.507,2.513,4.859,1.843,1.887,2.5,3.3,37.8,12115449,0.37263,0.16528
truck,39.312,27.935,9.227,8.451,2.57,3.843,0.0,3.7,32.68,18217591,0.73068,0.06407
sphere,2.456,3.995,0.335,0.313,0.61,1.004,0.0,0.0,24.39,503567,0.10173,0.01185
fsae,6.846,1.563,1.24,4.369,1.532,1.142,16.4,0.3,35.14,10127088,0.86579,-2.07851
suv,15.226,5.965,2.717,4.37,2.034,1.815,2.7,5.5,22.14,6382045,0.35726,0.10977
wedge,2.059,0.672,0.283,1.001,1.119,0.874,0.0,34.2,16.6,1096082,0.65882,0.225
fsae,7.61,1.194,1.554,3.335,1.463,1.147,37.4,2.9,35.32,7769934,0.99036,-3.1612
fsae,6.934,0.842,1.213,3.296,1.478,1.213,26.0,3.3,29.2,6348496,0.9315,-2.53406
suv,14.399,6.189,2.636,4.323,1.848,1.609,0.6,7.3,25.16,7174583,0.38487,0.14923
cylinder,4.7,2.346,0.293,2.835,0.158,0.291,0.0,0.0,42.22,7895363,0.29389,-0.00553
fsae,8.269,1.153,1.578,3.535,1.537,1.04,28.7,0.2,18.76,4374446,0.96094,-2.60981
ahmed_body,4.165,0.735,0.106,1.177,0.379,0.289,0.0,5.5,21.47,1666899,0.25729,0.02931
sphere,8.806,4.242,0.549,1.197,1.441,0.12,0.0,0.0,43.64,3445718,0.09633,-0.0167
airfoil,3.736,0.228,0.031,1.49,0.546,0.233,0.0,6.0,25.82,2537718,0.00965,0.71099
wedge,3.253,1.323,0.956,1.679,0.853,0.549,0.0,46.8,17.7,1960310,0.74681,0.27941
sedan,9.835,2.513,1.872,4.763,1.616,1.395,0.1,18.9,23.2,7289024,0.29667,0.16937
sedan,8.217,2.581,1.987,4.375,1.836,1.399,3.3,13.8,30.36,8761544,0.25307,0.18096
sedan,11.865,4.01,2.075,4.814,1.764,1.304,1.5,14.8,35.95,11415785,0.24607,0.21109
sedan,8.452,2.812,2.197,4.337,1.763,1.331,1.0,12.3,37.32,10676573,0.2557,0.18209
ahmed_body,3.683,0.904,0.093,1.07,0.384,0.281,0.0,29.3,37.38,2638298,0.31048,0.12438
airfoil,1.653,0.085,0.123,1.98,0.923,0.049,0.0,10.9,76.96,10051504,0.02655,1.22198
airfoil,3.215,0.052,0.164,0.628,1.441,0.178,0.0,3.6,24.36,1009108,0.00751,0.37735
sedan,9.993,4.153,2.13,4.757,1.76,1.307,4.5,15.1,24.83,7791313,0.25426,0.16229
sedan,8.218,3.834,1.925,4.485,1.806,1.489,3.4,13.8,40.27,11913651,0.25372,0.20058
sphere,4.828,0.76,2.536,0.383,1.413,1.208,0.0,0.0,29.25,738968,0.10134,0.00309
wedge,1.844,0.42,0.562,2.139,0.427,0.817,0.0,25.5,38.58,5443445,0.53902,0.17044
ahmed_body,3.71,0.892,0.087,1.027,0.417,0.286,0.0,32.9,43.94,2976674,0.32592,0.10043
sedan,10.945,3.559,1.85,4.378,1.788,1.429,1.7,10.4,28.17,8135109,0.27299,0.15668
sphere,3.351,1.206,0.669,0.9,1.481,0.517,0.0,0.0,35.6,2113456,0.09717,-0.01416
suv,12.732,5.303,2.57,4.748,1.817,1.605,0.4,5.8,35.43,11096414,0.34698,0.16741
fsae,7.359,0.98,1.322,3.553,1.388,1.251,26.4,2.4,48.83,11444129,0.89288,-2.47155
sphere,7.773,2.648,0.228,0.613,1.03,0.479,0.0,0.0,15.35,620683,0.09897,0.00892
wedge,4.675,1.78,0.894,0.782,1.142,0.801,0.0,17.2,16.85,869175,0.48838,0.11803
sphere,7.295,2.477,0.063,0.357,0.78,0.311,0.0,0.0,17.7,416814,0.24102,-0.0249
ahmed_body,4.735,0.704,0.106,1.174,0.402,0.316,0.0,28.1,45.17,3497993,0.3022,0.11113
airfoil,2.299,0.256,0.033,1.208,1.038,0.069,0.0,0.6,51.42,4097319,0.00612,0.06906
cylinder,4.591,0.867,1.724,1.379,0.728,0.748,0.0,0.0,19.07,1734666,0.29479,-0.00438
cylinder,6.47,2.811,0.267,1.427,0.506,0.165,0.0,0.0,16.36,1539955,0.29702,-0.01557
truck,45.562,20.373,8.374,8.016,2.467,3.903,0.0,1.4,33.66,17798058,0.69748,0.09342
airfoil,0.661,0.269,0.039,0.584,0.77,0.242,0.0,12.0,20.82,802037,0.04952,1.31426
suv,15.917,5.499,2.872,4.368,1.805,1.855,0.4,7.3,34.51,9943251,0.37698,0.16135
sedan,11.102,4.354,2.208,4.79,1.859,1.331,1.2,18.2,20.94,6616266,0.30249,0.16028
wedge,4.598,0.47,0.822,1.92,0.395,0.969,0.0,11.1,39.75,5034301,0.40931,0.09553
cylinder,4.314,2.566,1.575,1.022,0.177,0.686,0.0,0.0,26.99,1819511,0.2864,0.00131
sedan,8.487,2.519,1.854,4.546,1.629,1.443,4.6,16.5,32.04,9607773,0.25002,0.19983
sphere,8.157,0.144,0.639,0.785,1.251,1.271,0.0,0.0,17.29,895294,0.09788,0.00027
wedge,2.958,1.449,0.464,0.864,0.631,0.607,0.0,30.0,39.36,2243208,0.596,0.19624
sedan,10.969,4.134,2.035,4.508,1.873,1.359,2.9,20.0,41.9,12459446,0.29587,0.232
airfoil,3.619,0.473,0.026,1.732,0.996,0.127,0.0,8.9,31.27,3572536,0.01385,0.94107
sedan,12.692,3.725,2.006,4.842,1.861,1.495,0.9,15.6,49.84,15918554,0.24229,0.27189
suv,14.863,4.378,2.636,4.795,2.026,1.653,0.9,0.7,32.09,10149838,0.37205,0.13638
airfoil,2.744,0.391,0.108,1.793,1.923,0.203,0.0,3.7,73.93,8743832,0.00737,0.40977
suv,15.518,4.057,2.816,5.116,1.827,1.663,2.3,9.7,27.92,9422079,0.37805,0.13803
suv,14.748,4.891,2.518,4.326,2.044,1.674,1.5,4.1,29.24,8343815,0.36834,0.15414
fsae,6.477,1.574,1.352,4.394,1.425,1.233,35.7,2.6,48.92,14179055,0.9695,-2.9429
ahmed_body,4.671,0.7,0.104,1.079,0.409,0.313,0.0,5.1,33.73,2400704,0.25792,0.03548
truck,38.593,28.285,8.697,8.135,2.494,4.01,0.0,0.3,30.71,16479278,0.67056,0.07649
sedan,12.067,3.169,1.83,4.734,1.632,1.334,0.0,11.8,40.26,12571955,0.26342,0.20758
suv,13.765,6.122,2.703,4.529,1.831,1.614,0.9,1.4,40.1,11979743,0.36643,0.17271
sedan,12.032,4.058,1.937,4.326,1.699,1.327,3.0,14.4,44.08,12578501,0.25078,0.23431
fsae,7.306,0.967,1.076,4.046,1.492,1.06,27.0,0.9,40.47,10800898,0.89811,-2.68252
truck,32.489,35.457,7.929,8.164,2.423,3.563,0.0,4.1,27.39,14750129,0.75743,0.09432
fsae,7.339,1.041,1.418,3.546,1.562,1.22,33.0,4.4,39.93,9339827,0.95088,-3.06982
airfoil,2.31,0.499,0.063,0.733,1.502,0.171,0.0,10.8,29.25,1414265,0.02532,1.13791
sedan,9.127,2.784,1.911,4.083,1.636,1.415,4.5,14.8,40.88,11010095,0.24595,0.22533
cylinder,4.339,2.725,1.656,1.351,0.447,0.324,0.0,0.0,22.62,2015806,0.29525,0.00044
truck,35.741,25.304,9.501,14.5,2.416,3.865,0.0,1.0,33.52,32060686,0.69618,0.07188
fsae,7.273,1.565,1.435,3.59,1.516,1.074,34.7,0.3,29.79,7054492,0.98617,-3.07515
flat_plate,3.679,0.028,0.359,0.043,1.813,1.517,0.0,0.0,31.33,88865,1.17088,0.01324
airfoil,0.58,0.049,0.044,1.689,0.896,0.215,0.0,11.8,39.91,4446437,0.04524,1.29574
wedge,5.717,0.875,1.204,1.465,1.226,0.492,0.0,49.7,37.64,3637375,0.79064,0.29765
sphere,4.735,3.995,1.128,1.247,1.404,0.137,0.0,0.0,23.18,1906693,0.09791,-0.00844
wedge,5.387,1.036,0.719,1.33,0.74,0.631,0.0,53.7,15.62,1370356,0.80953,0.32751
suv,14.962,6.695,3.126,4.999,1.875,1.651,1.1,9.2,36.22,11943521,0.37132,0.19351
fsae,6.264,1.348,1.227,4.463,1.453,1.045,40.5,4.5,48.36,14236852,0.97282,-3.03362
sedan,10.686,3.455,1.909,4.016,1.6,1.413,2.8,18.7,25.99,6884950,0.29526,0.16075
cylinder,2.562,1.572,1.65,0.541,0.11,0.718,0.0,0.0,15.31,546353,0.29193,-0.00481
cylinder,2.912,2.088,1.995,2.774,0.764,0.409,0.0,0.0,41.32,7560797,0.30619,-0.02351
sphere,10.093,4.366,2.236,1.127,1.022,0.405,0.0,0.0,26.44,1965559,0.09857,0.01624
sphere,3.863,3.24,0.647,0.835,0.628,1.466,0.0,0.0,24.11,1327958,0.09733,-0.00372
cylinder,3.342,2.902,1.736,0.835,0.247,0.681,0.0,0.0,34.59,1905188,0.31359,-0.01558
ahmed_body,4.455,0.615,0.091,1.03,0.368,0.295,0.0,13.5,36.57,2484637,0.25863,0.06221
sedan,9.585,3.133,1.87,4.023,1.82,1.309,4.9,18.0,45.09,11965506,0.2386,0.25938
cylinder,7.435,0.478,1.119,1.678,0.978,0.141,0.0,0.0,48.24,5339493,0.29581,0.00687
sphere,6.83,1.892,0.219,0.416,1.364,0.272,0.0,0.0,18.38,504359,0.10019,0.00314
truck,34.658,21.795,6.965,13.11,2.426,3.687,0.0,0.0,31.43,27179901,0.66001,0.08956
sphere,3.85,4.413,2.598,0.369,0.64,0.688,0.0,0.0,10.27,249976,0.46753,-0.00416
sedan,11.982,4.058,2.28,4.55,1.703,1.493,4.2,17.3,43.12,12941689,0.24261,0.2272
fsae,7.074,1.197,1.136,4.328,1.379,1.178,43.6,3.1,45.36,12949741,1.00758,-3.33613
fsae,7.966,1.13,1.166,4.038,1.494,1.191,38.4,1.7,40.39,10758234,0.98519,-3.00759
airfoil,0.621,0.206,0.049,1.64,1.416,0.185,0.0,8.9,73.35,7934960,0.01403,0.94103
fsae,8.117,1.085,1.079,4.449,1.636,1.146,44.7,1.4,31.81,9335270,0.96424,-3.2972
sedan,12.253,2.63,1.926,4.325,1.87,1.333,2.1,18.0,33.83,9651369,0.24324,0.1963
sphere,9.237,4.927,2.509,0.341,1.162,1.448,0.0,0.0,9.12,205140,0.43767,0.00901
cylinder,7.245,2.686,0.658,1.416,0.42,0.32,0.0,0.0,43.85,4095752,0.29681,-0.01202
suv,17.896,6.979,3.042,4.696,1.806,1.617,2.4,1.3,34.29,10621757,0.37259,0.16685
sedan,10.712,4.233,2.241,4.122,1.683,1.383,3.4,16.8,31.29,8507743,0.24965,0.1848
fsae,6.261,1.402,1.342,3.417,1.421,1.251,38.7,2.8,32.37,7296061,0.99335,-3.09817
wedge,1.429,1.257,1.437,0.915,1.465,0.279,0.0,51.2,44.42,2681022,0.79458,0.30214
cylinder,2.773,0.378,0.197,2.932,0.41,0.15,0.0,0.0,47.98,9279509,0.28711,0.01996
suv,14.389,6.993,3.129,4.992,2.095,1.646,0.8,2.5,22.92,7547272,0.36004,0.12853
fsae,8.12,0.969,1.484,3.362,1.497,1.079,35.9,2.3,26.17,5803664,0.96804,-3.05916
suv,17.498,4.643,3.116,4.643,1.828,1.659,2.5,9.4,23.44,7178887,0.38939,0.12858
suv,13.006,4.558,2.892,5.146,2.052,1.743,2.6,3.9,25.55,8672843,0.37457,0.14397
ahmed_body,4.886,0.969,0.108,0.904,0.404,0.292,0.0,35.5,42.47,2532512,0.34048,0.10664
fsae,7.102,1.224,1.257,3.784,1.339,1.108,39.5,4.2,38.38,9579810,0.97706,-3.01546
sedan,8.593,3.474,2.043,4.496,1.866,1.43,1.9,17.6,49.64,14721731,0.24518,0.26385
sphere,7.742,4.029,2.298,1.335,1.251,1.201,0.0,0.0,16.81,1480300,0.09819,0.00122
cylinder,5.912,1.851,1.483,1.955,0.243,0.186,0.0,0.0,32.47,4187259,0.29531,-0.00475
flat_plate,4.07,0.023,0.629,0.026,1.709,0.577,0.0,0.0,23.91,41007,1.25377,0.01756
ahmed_body,3.577,0.905,0.094,1.168,0.364,0.25,0.0,19.2,52.06,4010955,0.28219,0.06233
suv,12.483,6.743,2.765,4.572,1.898,1.691,0.5,4.2,31.76,9578280,0.36235,0.16143
sphere,8.103,2.884,1.959,0.625,0.594,0.631,0.0,0.0,39.91,1645366,0.10066,-0.01439
suv,16.412,5.233,2.629,5.067,1.916,1.818,0.6,8.2,39.4,13168852,0.38581,0.17279
airfoil,0.809,0.401,0.179,0.694,1.434,0.219,0.0,4.5,73.91,3383479,0.00827,0.4911
suv,13.201,4.399,2.582,4.728,2.019,1.742,0.9,3.7,37.65,11742032,0.3571,0.16866
ahmed_body,4.16,0.99,0.105,1.002,0.356,0.319,0.0,22.4,33.91,2241281,0.27765,0.08019
cylinder,1.613,1.299,0.565,2.345,0.758,0.858,0.0,0.0,43.05,6659119,0.29552,-0.00417
sedan,12.104,3.034,2.367,4.079,1.89,1.5,2.0,12.0,31.98,8604645,0.25724,0.16387
fsae,8.086,1.286,1.03,3.411,1.67,1.055,23.7,0.2,43.27,9735750,0.89363,-2.39694
suv,12.347,6.7,3.069,4.634,2.017,1.776,2.7,9.3,24.45,7473701,0.37669,0.13369
fsae,6.98,1.098,1.101,3.662,1.602,1.207,44.2,4.7,47.74,11531918,0.97152,-3.23644
wedge,3.932,1.722,1.061,2.13,1.039,0.335,0.0,38.0,42.0,5901055,0.65823,0.23706
sedan,12.254,3.315,2.122,4.022,1.649,1.362,1.6,14.7,47.91,12710687,0.25352,0.23009
suv,12.545,5.805,3.182,5.028,1.962,1.827,2.5,6.0,36.32,12045974,0.37793,0.16702
ahmed_body,4.963,0.969,0.091,1.185,0.392,0.252,0.0,19.3,22.08,1725910,0.27755,0.07765
wedge,5.096,1.844,0.28,1.411,0.427,0.689,0.0,27.2,29.8,2773602,0.56247,0.1704
truck,54.505,21.185,9.359,15.64,2.452,4.176,0.0,3.6,28.59,29495224,0.78391,0.06322
cylinder,7.738,2.969,0.47,1.335,0.642,0.598,0.0,0.0,34.68,3053945,0.30454,-0.00607
fsae,7.612,1.373,1.152,3.541,1.507,1.015,43.3,3.1,19.36,4522016,1.02436,-3.13428
ahmed_body,4.764,0.811,0.088,0.959,0.399,0.286,0.0,25.4,46.67,2952278,0.29187,0.09885
wedge,5.624,1.979,0.201,1.337,0.852,0.764,0.0,28.8,15.25,1344937,0.5858,0.19024
airfoil,0.598,0.288,0.154,1.525,0.911,0.113,0.0,9.2,41.21,4145465,0.01387,0.95944
airfoil,2.227,0.212,0.032,0.664,1.114,0.13,0.0,0.2,74.6,3267441,0.00594,0.02022
fsae,7.161,0.863,1.417,3.556,1.68,1.241,18.2,5.0,21.37,5012646,0.88213,-2.21258
fsae,7.827,0.865,1.117,4.126,1.42,1.063,20.0,2.8,48.68,13248923,0.8314,-2.18523
airfoil,3.804,0.368,0.095,1.122,0.32,0.046,0.0,3.1,42.77,3165431,0.00691,0.34282
airfoil,1.66,0.03,0.102,1.049,0.771,0.197,0.0,11.9,56.86,3934442,0.04707,1.28019
cylinder,1.045,1.275,0.12,2.34,0.376,0.252,0.0,0.0,36.32,5606121,0.29703,0.00772
sedan,10.996,2.545,2.011,4.437,1.797,1.317,3.4,13.0,21.26,6222336,0.25003,0.12323
flat_plate,1.975,0.018,1.869,0.011,1.412,1.402,0.0,0.0,34.79,25243,1.24341,0.01151
suv,13.249,4.814,3.036,4.339,1.808,1.749,0.6,8.3,20.65,5910313,0.37403,0.11887
sedan,11.141,2.995,2.192,4.086,1.853,1.361,4.5,13.7,29.09,7840484,0.25897,0.16592
cylinder,3.972,2.679,1.453,1.758,0.352,0.108,0.0,0.0,7.55,875521,0.30039,0.00503
sphere,5.743,4.164,2.445,0.241,0.737,0.138,0.0,0.0,24.06,382484,0.30582,-0.00464
cylinder,7.049,1.015,1.515,1.858,0.722,0.396,0.0,0.0,21.66,2654636,0.30367,-0.00245
truck,41.878,30.199,9.48,11.604,2.505,3.578,0.0,1.4,31.72,24279609,0.73014,0.07491
truck,39.529,36.739,8.87,12.49,2.58,3.67,0.0,1.7,22.57,18594941,0.71534,0.07852
suv,17.798,5.111,3.176,4.619,1.839,1.761,2.2,0.6,41.95,12781468,0.35779,0.18885
fsae,7.06,1.196,1.331,3.482,1.32,1.039,36.5,2.3,47.12,10822681,0.97663,-2.97572
wedge,3.875,1.71,0.453,2.453,0.822,0.926,0.0,47.0,25.52,4129325,0.75541,0.28273
sedan,11.699,3.963,2.188,4.709,1.745,1.301,0.7,17.9,21.79,6768411,0.2417,0.15547
cylinder,3.637,2.12,1.042,0.821,0.882,0.266,0.0,0.0,8.36,452741,0.45048,0.00016
wedge,3.452,1.32,0.857,0.619,0.736,0.728,0.0,33.2,18.48,754559,0.64248,0.21201
sedan,11.193,2.74,2.133,4.261,1.763,1.347,0.9,12.4,41.6,11692454,0.25297,0.20206
suv,12.253,6.628,3.126,5.139,2.014,1.885,1.9,3.4,33.31,11291563,0.3811,0.16019
fsae,6.387,1.52,1.472,3.692,1.69,1.192,17.2,1.9,47.99,11687274,0.86854,-2.13971
suv,13.319,5.336,2.525,5.133,2.02,1.79,1.6,2.5,39.6,13408100,0.37455,0.17051
sedan,10.124,2.62,1.939,4.341,1.665,1.378,4.7,15.3,26.19,7499392,0.24227,0.14273
cylinder,4.728,0.198,1.46,1.489,0.775,0.908,0.0,0.0,43.62,4284313,0.30017,-0.00128
cylinder,6.757,2.32,0.437,2.633,0.712,0.436,0.0,0.0,19.42,3372880,0.29355,0.00417
cylinder,1.114,1.74,0.578,2.936,0.62,0.991,0.0,0.0,6.86,1328559,0.30433,-0.00603
sphere,1.296,3.94,1.411,0.241,0.314,0.109,0.0,0.0,37.34,593598,0.0954,-0.01541
sedan,11.242,2.674,2.296,4.375,1.841,1.421,3.7,16.0,33.74,9736972,0.24907,0.19506
fsae,7.614,1.366,1.23,4.054,1.566,1.121,44.0,3.2,43.86,11728789,1.01024,-3.0248
flat_plate,1.542,0.026,1.421,0.013,1.374,1.111,0.0,0.0,39.7,34044,1.24275,-0.01276
airfoil,2.993,0.089,0.134,0.742,1.308,0.241,0.0,11.3,63.14,3090361,0.03365,1.24703
wedge,3.845,1.491,1.328,1.1,0.904,0.654,0.0,44.2,34.15,2477902,0.76962,0.26412
fsae,6.223,1.522,1.394,3.432,1.403,1.007,28.1,2.3,41.74,9449319,0.90651,-2.70561
sphere,4.088,4.679,2.905,1.244,0.592,0.738,0.0,0.0,6.82,559636,0.10107,-0.01302
suv,16.413,4.683,2.591,4.658,1.912,1.776,2.2,9.2,27.16,8345071,0.37026,0.12987
suv,15.616,5.496,2.864,4.736,1.818,1.719,1.6,6.3,38.2,11933720,0.38065,0.1793
ahmed_body,4.073,0.886,0.104,1.081,0.375,0.268,0.0,35.8,42.26,3013394,0.34023,0.13058
ahmed_body,3.897,0.899,0.105,0.923,0.356,0.273,0.0,37.7,37.6,2289235,0.33723,0.10357
flat_plate,4.855,0.003,2.148,0.016,1.605,1.413,0.0,0.0,10.91,11515,1.2222,-0.00011
ahmed_body,4.919,0.681,0.1,0.99,0.401,0.261,0.0,31.5,45.25,2954980,0.32258,0.11079
wedge,2.148,1.995,0.279,1.217,0.673,0.676,0.0,10.4,41.36,3320259,0.40402,0.09996
sphere,9.041,0.818,2.144,0.677,0.602,0.276,0.0,0.0,12.13,541689,0.10079,-0.01073
cylinder,3.025,2.199,0.914,0.532,0.557,0.702,0.0,0.0,44.59,1564768,0.29693,0.00113
ahmed_body,4.998,0.714,0.098,0.922,0.41,0.265,0.0,38.3,27.54,1674926,0.34406,0.12293
suv,14.315,4.42,3.053,4.511,1.826,1.837,1.5,6.6,36.87,10971014,0.38584,0.17044
sedan,10.011,2.625,2.244,4.613,1.632,1.395,2.2,13.2,45.91,13969844,0.25484,0.22405
cylinder,2.707,1.349,1.528,0.942,0.128,0.217,0.0,0.0,11.78,731976,0.30252,0.01369
wedge,1.671,0.522,1.451,0.545,0.823,0.5,0.0,18.6,23.26,836194,0.48701,0.15378
cylinder,5.175,2.409,0.688,1.446,0.401,0.594,0.0,0.0,17.92,1709256,0.29965,0.00077
sedan,11.702,3.841,1.945,4.014,1.809,1.338,3.8,10.5,42.62,11284741,0.27535,0.2045
airfoil,0.786,0.154,0.132,1.177,1.89,0.044,0.0,1.8,22.33,1733668,0.00659,0.2067
ahmed_body,4.401,0.646,0.112,1.122,0.412,0.31,0.0,3.2,42.87,3172832,0.25208,0.02951
cylinder,1.182,0.579,1.257,0.642,0.391,0.194,0.0,0.0,16.22,686889,0.29883,0.01235
sedan,8.342,2.78,2.299,4.425,1.696,1.355,4.6,11.1,47.26,13794558,0.26471,0.22315
cylinder,4.234,0.539,0.895,2.438,0.326,0.878,0.0,0.0,15.76,2534491,0.30388,0.00399
airfoil,3.034,0.48,0.119,0.506,0.728,0.066,0.0,11.7,75.06,2505301,0.04389,1.36611
airfoil,1.881,0.373,0.17,0.74,1.751,0.194,0.0,9.3,30.53,1490251,0.01494,1.04267
wedge,3.548,1.213,1.395,1.305,1.443,0.212,0.0,16.8,26.01,2238987,0.46052,0.13212
suv,13.136,4.325,2.999,4.997,2.095,1.632,2.7,8.6,38.23,12601274,0.37551,0.18463
fsae,8.277,0.879,1.483,4.269,1.601,1.125,30.9,2.7,49.83,14031944,0.9524,-2.71814
fsae,5.514,0.958,1.088,3.226,1.653,1.078,36.0,0.5,49.87,10612178,0.9351,-2.8742
suv,15.907,5.461,3.055,4.324,1.819,1.653,1.9,5.5,44.83,12786604,0.37444,0.19048
sedan,11.797,3.585,1.952,4.498,1.767,1.487,3.1,10.2,38.75,11497197,0.26147,0.18549
sphere,9.3,1.976,2.566,0.633,0.743,0.394,0.0,0.0,19.13,798766,0.10151,0.01899
wedge,1.395,0.836,1.304,2.121,1.319,0.777,0.0,48.6,27.06,3785901,0.78169,0.31108
suv,17.416,5.857,2.876,5.125,1.939,1.722,1.9,1.5,36.85,12457536,0.36387,0.16978
truck,40.534,40.2,7.175,12.368,2.43,3.677,0.0,2.2,28.7,23414354,0.7299,0.10769
sphere,8.751,3.355,1.164,0.608,0.565,0.664,0.0,0.0,21.8,874301,0.09877,0.0075
wedge,1.495,0.602,0.543,0.871,0.335,0.708,0.0,13.8,47.01,2700904,0.42832,0.11421
sphere,1.007,4.387,1.191,1.365,0.939,1.277,0.0,0.0,31.44,2830844,0.09745,-0.01146
sphere,11.171,1.342,0.626,0.316,0.504,0.712,0.0,0.0,27.27,568425,0.10196,-0.00102
fsae,6.725,0.84,1.174,3.54,1.443,1.265,39.8,3.0,19.76,4614142,0.96561,-3.1253
ahmed_body,3.514,0.989,0.08,0.944,0.356,0.314,0.0,10.0,33.17,2065467,0.27399,0.03165
airfoil,1.733,0.479,0.125,1.584,1.541,0.144,0.0,2.0,24.92,2603778,0.00634,0.2342
fsae,6.996,1.212,1.352,3.285,1.62,1.298,44.7,2.9,22.67,4912332,1.02688,-3.53659
cylinder,5.736,2.102,1.641,1.896,0.465,0.638,0.0,0.0,45.15,5646728,0.28127,-0.00445
ahmed_body,4.079,0.663,0.095,1.104,0.371,0.305,0.0,23.3,55.91,4071546,0.29014,0.09431
suv,13.592,4.939,3.176,4.309,2.042,1.812,2.4,3.5,44.05,12520544,0.38102,0.19451
wedge,4.14,1.386,0.468,1.246,1.499,0.39,0.0,29.4,34.09,2801856,0.59977,0.20434
suv,17.969,4.529,2.667,4.613,1.984,1.625,2.3,1.2,44.03,13397783,0.3825,0.19245
sedan,12.705,3.631,2.398,4.697,1.702,1.404,3.4,17.2,43.09,13350510,0.2437,0.2349
truck,54.866,43.736,8.588,15.782,2.467,3.722,0.0,3.5,31.24,32521747,0.65094,0.10488
sphere,8.711,3.203,1.456,1.35,1.48,1.261,0.0,0.0,16.0,1424802,0.10088,0.01156
sedan,9.084,3.303,2.229,4.427,1.855,1.351,2.2,14.3,44.47,12986061,0.25594,0.22248
ahmed_body,4.548,0.773,0.099,1.096,0.377,0.307,0.0,24.2,45.02,3254744,0.29313,0.08917
suv,13.297,6.613,2.584,4.409,1.935,1.834,2.3,9.5,29.3,8521352,0.37859,0.1461
wedge,2.925,0.662,0.74,1.407,0.957,0.391,0.0,18.7,14.58,1353170,0.47925,0.14058
fsae,5.936,1.299,1.353,3.87,1.459,1.29,31.5,0.5,18.66,4763470,0.93789,-2.80993
truck,31.045,40.808,6.6,14.271,2.585,3.857,0.0,4.5,34.88,32834596,0.72034,0.06149
wedge,3.411,1.706,1.299,1.834,1.408,0.296,0.0,41.2,41.17,4980592,0.7321,0.25728
sedan,10.447,3.119,1.978,4.933,1.601,1.462,0.1,18.5,25.37,8255291,0.28938,0.17177
cylinder,5.843,2.641,0.436,1.734,0.564,0.156,0.0,0.0,25.54,2921264,0.28927,-0.01048
suv,17.579,4.213,2.523,4.718,2.024,1.883,1.9,4.1,41.12,12797108,0.37389,0.17861
sedan,10.774,4.116,1.857,4.253,1.85,1.444,3.4,14.3,29.25,8205821,0.24961,0.16552
sedan,12.175,3.732,2.107,4.642,1.606,1.375,1.6,10.9,36.61,11210001,0.26692,0.1849
sphere,5.809,4.714,1.851,0.853,1.486,1.177,0.0,0.0,45.76,2574755,0.10215,0.00696
suv,12.13,5.02,2.799,4.437,1.804,1.616,1.8,0.8,20.98,6140387,0.37064,0.10769
airfoil,3.812,0.205,0.067,1.985,1.121,0.048,0.0,7.8,53.06,6947500,0.01199,0.82123
cylinder,6.262,2.062,1.669,1.077,0.544,0.616,0.0,0.0,44.12,3134383,0.30106,0.01082
cylinder,2.311,1.39,1.218,2.241,0.641,0.747,0.0,0.0,37.25,5506415,0.2942,-0.00126
sedan,11.683,2.727,2.265,4.779,1.691,1.35,0.6,15.3,45.34,14292867,0.24909,0.24628
wedge,5.632,1.946,0.446,1.956,1.277,0.536,0.0,36.0,43.96,5671884,0.66215,0.23221
airfoil,2.048,0.355,0.053,1.779,1.101,0.081,0.0,8.9,32.28,3788003,0.01385,0.99113
sedan,10.372,3.306,2.015,4.694,1.816,1.324,3.8,12.0,48.31,14958255,0.25913,0.25165
fsae,5.697,1.379,1.38,4.483,1.608,1.062,20.2,2.0,15.12,4471172,0.88375,-2.23447
sedan,10.863,3.18,1.841,4.615,1.891,1.405,0.6,19.0,37.28,11348760,0.3105,0.21682
ahmed_body,3.709,0.959,0.085,1.079,0.385,0.311,0.0,5.8,42.84,3049100,0.26465,0.04831
fsae,5.978,1.075,1.47,3.505,1.428,1.113,35.8,5.0,30.0,6936016,0.95995,-2.96764
sphere,6.598,3.403,2.912,0.805,0.682,0.607,0.0,0.0,40.9,2171801,0.10039,-0.00577
truck,34.257,41.528,9.188,10.358,2.456,3.932,0.0,3.3,26.16,17873699,0.74274,0.08861
fsae,7.526,1.068,1.506,3.782,1.513,1.23,28.5,4.6,33.75,8419690,0.97193,-2.58071
truck,36.825,30.385,7.189,11.62,2.483,3.644,0.0,4.0,32.29,24749987,0.73857,0.06313
cylinder,6.537,2.164,0.371,0.826,0.267,0.58,0.0,0.0,35.06,1910261,0.29347,-0.01936
ahmed_body,3.6,0.681,0.096,0.964,0.375,0.261,0.0,15.4,57.8,3675409,0.26393,0.07032
flat_plate,3.554,0.02,1.369,0.04,0.914,1.762,0.0,0.0,6.76,17836,1.25417,0.00377
fsae,7.165,1.579,1.418,4.285,1.317,1.178,31.7,4.7,25.85,7306547,0.93204,-2.86961
cylinder,4.283,0.811,1.726,2.473,0.624,0.809,0.0,0.0,41.17,6715924,0.29028,0.01208
suv,17.243,4.745,3.103,4.991,1.967,1.78,1.6,1.9,35.38,11647861,0.36515,0.16304
fsae,5.629,0.989,1.56,4.408,1.573,1.267,22.5,3.8,36.33,10563499,0.90404,-2.37368
sphere,4.389,2.537,1.297,1.346,0.769,1.377,0.0,0.0,45.0,3995383,0.0974,0.00647
fsae,8.014,1.16,1.229,4.029,1.498,1.064,22.0,4.8,37.59,9990113,0.8637,-2.43101
ahmed_body,4.719,0.658,0.097,1.102,0.398,0.309,0.0,2.7,29.01,2108774,0.25165,0.04329
sedan,8.415,4.14,2.372,4.421,1.601,1.444,1.4,10.6,29.67,8652445,0.25985,0.13743
wedge,3.725,0.461,0.282,2.191,0.698,0.744,0.0,53.7,25.87,3738863,0.84499,0.29632
fsae,6.235,1.545,1.501,3.878,1.449,1.231,31.2,1.3,49.1,12560013,0.94343,-2.74775
wedge,3.974,1.068,1.363,0.62,1.468,0.522,0.0,44.7,39.16,1601530,0.74545,0.27954
sphere,2.415,0.715,2.315,0.898,0.214,0.204,0.0,0.0,9.16,542591,0.10138,-0.0212
fsae,6.981,1.441,1.586,4.258,1.446,1.175,26.5,2.2,48.12,13515499,0.94357,-2.67305
fsae,7.216,1.069,1.055,4.285,1.575,1.224,34.0,0.4,47.92,13544670,0.93667,-2.85771
sedan,9.415,3.792,2.349,4.918,1.74,1.486,3.4,17.9,35.4,11483984,0.23729,0.20112
wedge,5.77,1.1,1.266,1.609,0.525,0.359,0.0,48.9,26.21,2781787,0.80467,0.30219
flat_plate,0.871,0.048,0.681,0.018,1.564,1.033,0.0,0.0,16.35,19413,1.248,-0.00378
wedge,1.561,1.432,1.235,1.623,1.191,0.664,0.0,35.7,44.65,4780142,0.63915,0.21233
cylinder,6.391,1.153,1.863,1.446,0.753,0.476,0.0,0.0,22.86,2180446,0.29708,0.00178
airfoil,1.844,0.314,0.09,0.613,0.875,0.138,0.0,5.0,59.44,2403478,0.00859,0.52455
suv,16.823,4.392,2.596,4.321,1.883,1.892,0.0,1.4,44.47,12675123,0.36013,0.1907
suv,14.002,5.254,3.112,4.886,1.898,1.68,1.4,1.7,30.88,9952485,0.3776,0.14356
fsae,7.328,1.072,1.332,3.818,1.304,1.162,33.8,2.0,48.13,12121394,0.96941,-2.86033
sedan,8.853,3.791,2.239,4.372,1.888,1.318,2.3,12.9,39.76,11466406,0.25694,0.19058
sedan,9.202,3.609,2.269,4.121,1.783,1.495,0.7,18.2,25.56,6948071,0.29047,0.174
suv,16.994,5.787,2.617,4.377,2.069,1.762,2.5,1.8,29.11,8404648,0.37324,0.16252
fsae,7.467,1.277,1.38,3.271,1.454,1.053,22.7,2.9,32.7,7055521,0.9018,-2.41366
suv,12.503,4.261,2.988,4.814,2.018,1.817,1.4,7.3,29.53,9377139,0.37485,0.14745
cylinder,1.581,0.828,1.785,2.473,0.965,0.426,0.0,0.0,15.84,2583926,0.29402,0.00461
airfoil,3.677,0.458,0.12,1.882,1.136,0.102,0.0,10.2,24.68,3063836,0.01719,1.15931
airfoil,0.71,0.137,0.146,1.341,1.94,0.122,0.0,10.4,56.67,5012828,0.01889,1.19457
wedge,4.544,1.12,0.348,2.045,1.275,0.362,0.0,39.8,17.4,2347164,0.68629,0.24437
truck,51.633,33.438,6.71,9.491,2.598,3.526,0.0,4.6,29.87,18700275,0.69319,0.05913
sphere,2.383,3.985,2.527,1.403,0.259,0.192,0.0,0.0,12.71,1176262,0.09596,0.00137
ahmed_body,3.936,0.725,0.084,0.982,0.385,0.27,0.0,36.6,42.79,2771753,0.33675,0.09578
airfoil,0.664,0.112,0.121,1.305,0.65,0.082,0.0,3.1,36.59,3149733,0.00675,0.34047
sedan,12.497,2.973,2.082,4.403,1.623,1.332,2.9,10.9,48.16,13987367,0.26622,0.23163
wedge,5.884,1.828,1.151,1.137,1.175,0.601,0.0,50.9,33.77,2532750,0.79253,0.30691
sedan,12.095,3.317,1.925,4.42,1.818,1.437,1.2,12.1,28.26,8239393,0.26013,0.15415
sedan,12.213,2.754,1.805,4.585,1.836,1.397,2.8,12.2,46.81,14157246,0.26338,0.24741
wedge,1.967,0.338,0.677,0.823,0.501,0.692,0.0,52.8,40.05,2174218,0.81365,0.31043
airfoil,1.063,0.134,0.08,1.143,1.672,0.146,0.0,7.5,79.72,6010551,0.01203,0.86108
suv,17.301,6.655,2.865,4.479,1.851,1.832,2.8,1.7,36.66,10831144,0.3628,0.16317
fsae,7.104,1.594,1.502,3.376,1.632,1.167,36.5,1.7,25.89,5765478,0.99172,-2.92929
suv,17.641,4.67,2.932,4.954,2.099,1.791,1.3,0.1,34.51,11277212,0.3619,0.17296
truck,47.115,33.131,7.226,10.308,2.469,3.946,0.0,1.4,23.56,16019557,0.70078,0.07679
suv,16.108,5.816,3.055,5.182,1.928,1.666,1.2,6.3,41.74,14267591,0.37154,0.1983
ahmed_body,4.757,0.89,0.108,1.049,0.419,0.257,0.0,9.4,22.52,1558277,0.27339,0.04766
wedge,1.657,0.394,0.447,1.719,0.768,0.506,0.0,33.4,42.24,4789615,0.60401,0.2354
wedge,4.825,1.445,0.518,0.877,1.176,0.307,0.0,44.9,38.93,2252085,0.75812,0.27161
sedan,9.688,3.493,2.061,4.679,1.629,1.313,2.6,10.9,25.8,7962942,0.26331,0.13157
airfoil,3.042,0.398,0.064,0.976,1.877,0.034,0.0,3.7,25.42,1636538,0.0074,0.39104
airfoil,3.251,0.107,0.039,0.7,0.884,0.105,0.0,4.5,31.66,1461873,0.0081,0.48864
flat_plate,3.207,0.001,0.481,0.028,1.822,1.012,0.0,0.0,33.27,61449,1.20528,0.00081
suv,15.332,6.722,2.914,4.992,1.903,1.716,1.2,5.0,33.0,10866491,0.37541,0.14842
sphere,11.906,3.097,2.657,1.203,0.975,0.558,0.0,0.0,47.91,3801829,0.09667,0.0166
sedan,8.651,2.886,2.131,4.667,1.629,1.339,0.2,17.0,26.27,8087209,0.25031,0.15968
ahmed_body,3.947,0.84,0.092,0.962,0.364,0.292,0.0,23.3,35.24,2236206,0.28907,0.08071
fsae,6.429,1.092,1.336,3.283,1.53,1.145,25.4,2.5,46.63,10098040,0.89953,-2.63935
sphere,9.214,1.282,1.13,1.428,0.298,0.973,0.0,0.0,18.97,1786884,0.09791,0.01312
sphere,2.5,1.466,0.316,0.965,0.824,0.654,0.0,0.0,22.29,1418856,0.10027,0.01163
truck,44.033,43.119,7.805,13.187,2.584,3.875,0.0,1.3,28.47,24764768,0.69601,0.05051
cylinder,7.624,0.512,0.739,2.905,0.851,0.688,0.0,0.0,41.66,7983001,0.28086,-0.00851
airfoil,0.894,0.182,0.083,1.389,0.852,0.235,0.0,1.9,74.16,6794739,0.00645,0.21713
cylinder,6.593,1.065,1.136,2.534,0.764,0.418,0.0,0.0,40.36,6746190,0.30756,0.00273
suv,14.687,4.78,3.178,4.694,2.079,1.626,2.9,4.2,21.6,6688021,0.37101,0.11618
fsae,6.959,0.932,1.308,3.525,1.666,1.039,37.6,4.4,21.23,4936395,0.95833,-3.01337
airfoil,3.732,0.053,0.161,0.591,0.336,0.201,0.0,5.3,63.85,2489139,0.00868,0.60171
sedan,9.384,2.951,1.845,4.189,1.743,1.495,0.1,13.7,21.38,5907706,0.25141,0.14369
truck,44.218,40.718,6.206,15.493,2.446,3.693,0.0,4.7,21.78,22258413,0.67048,0.09336
sedan,12.284,4.083,2.085,4.324,1.84,1.329,2.3,18.2,34.44,9823124,0.3007,0.20481
sphere,1.078,3.062,1.867,0.172,1.434,0.583,0.0,0.0,11.06,125483,0.44927,-0.00747
airfoil,1.332,0.112,0.094,1.685,0.486,0.092,0.0,4.4,21.2,2356332,0.00784,0.49404
sedan,12.778,3.632,2.12,4.776,1.614,1.374,2.2,16.0,31.96,10068665,0.25279,0.17713
sphere,2.479,0.558,1.594,1.267,1.148,1.126,0.0,0.0,19.19,1603808,0.09755,-0.00638
wedge,4.508,0.648,1.27,1.824,0.891,0.939,0.0,46.9,38.16,4591282,0.76368,0.29055
flat_plate,3.576,0.003,1.41,0.041,0.717,1.476,0.0,0.0,33.93,91763,1.16423,0.01515
cylinder,4.237,2.671,1.28,2.982,0.987,0.138,0.0,0.0,28.99,5702387,0.29969,0.0031
ahmed_body,4.907,0.669,0.082,0.94,0.404,0.267,0.0,21.6,23.82,1476966,0.28481,0.10622
sphere,7.877,4.496,2.085,1.083,0.929,1.176,0.0,0.0,27.87,1990977,0.1012,-0.02272
airfoil,2.597,0.136,0.056,1.242,0.56,0.078,0.0,3.3,48.06,3937369,0.00699,0.3611
ahmed_body,4.391,0.722,0.091,1.133,0.408,0.276,0.0,27.3,58.59,4378791,0.30747,0.11134
fsae,5.592,1.144,1.564,3.916,1.44,1.009,23.9,3.3,45.61,11781580,0.92487,-2.34214
suv,14.964,5.663,2.678,4.514,1.973,1.616,2.1,6.9,39.49,11758434,0.3959,0.17877
sphere,7.777,1.461,1.01,1.045,1.083,0.563,0.0,0.0,8.08,556966,0.10115,-0.00527
fsae,7.105,0.928,1.588,3.456,1.623,1.275,36.7,2.1,41.23,9399135,0.99033,-3.02007
ahmed_body,4.18,0.65,0.084,1.129,0.411,0.276,0.0,38.2,24.34,1812656,0.34837,0.10706
suv,13.273,4.076,3.091,4.791,2.095,1.695,2.5,2.7,34.06,10763949,0.36361,0.16741
suv,12.157,4.353,2.605,4.322,1.854,1.68,1.0,1.5,38.0,10833509,0.36434,0.18568
suv,13.08,4.882,2.757,4.869,1.965,1.79,1.7,5.0,25.8,8286293,0.37892,0.1319
sphere,6.438,3.325,2.931,0.459,0.859,1.12,0.0,0.0,34.11,1032750,0.09649,-0.01524
sedan,8.319,3.055,2.342,4.845,1.746,1.394,0.3,19.4,28.92,9242573,0.3004,0.18475
suv,15.949,5.457,3.079,4.508,2.043,1.871,1.4,7.3,22.71,6753079,0.37561,0.10977
cylinder,6.239,0.88,1.454,2.7,0.282,0.279,0.0,0.0,5.47,974208,0.29836,-0.00766
sedan,11.39,2.929,2.383,4.258,1.617,1.494,4.3,16.9,42.66,11981945,0.23824,0.23821
airfoil,1.109,0.212,0.064,1.253,0.392,0.083,0.0,3.2,40.75,3368057,0.00685,0.34752
ahmed_body,4.485,0.759,0.084,1.055,0.396,0.298,0.0,37.1,52.23,3634739,0.33397,0.12023
airfoil,2.703,0.295,0.094,0.884,1.143,0.186,0.0,2.8,43.09,2512636,0.0067,0.30208
sedan,12.398,2.628,1.865,4.18,1.755,1.435,0.6,18.1,37.57,10359011,0.30281,0.24509
fsae,6.28,0.875,1.293,4.232,1.622,1.141,38.2,4.3,24.31,6786274,0.95635,-3.08204
ahmed_body,4.518,0.888,0.105,1.029,0.375,0.275,0.0,6.8,34.82,2363442,0.25092,0.03817
sedan,9.764,3.021,1.907,4.698,1.796,1.429,0.8,14.1,25.27,7831033,0.24916,0.14776
airfoil,2.76,0.209,0.158,0.837,1.656,0.11,0.0,6.2,77.45,4276098,0.01,0.67252
fsae,6.686,0.83,1.487,3.71,1.312,1.064,17.7,0.6,28.35,6937896,0.86978,-2.2
ahmed_body,4.666,0.832,0.083,0.974,0.383,0.252,0.0,4.4,34.08,2189573,0.25458,0.0218
airfoil,3.813,0.48,0.174,0.663,0.964,0.18,0.0,3.6,33.57,1468134,0.00736,0.40971
cylinder,1.92,0.699,0.756,2.796,0.798,0.149,0.0,0.0,11.06,2039826,0.3034,0.00257
truck,54.064,43.01,8.389,8.647,2.409,3.75,0.0,2.1,21.35,12177668,0.76107,0.08783
truck,31.359,24.038,7.331,11.37,2.414,3.899,0.0,2.0,34.63,25972500,0.70703,0.06861
fsae,8.31,1.366,1.057,4.33,1.605,1.275,34.3,4.5,24.6,7026253,0.95359,-2.91225
fsae,6.283,1.428,1.068,4.123,1.57,1.08,18.4,1.7,18.58,5053123,0.85503,-2.1673
truck,33.726,35.021,6.436,15.175,2.562,3.561,0.0,1.0,22.65,22672411,0.69159,0.08313
wedge,4.659,1.187,1.317,1.984,0.435,0.36,0.0,15.5,22.99,3008718,0.46022,0.11839
sedan,12.189,2.775,2.168,4.08,1.669,1.388,3.8,14.9,34.95,9406069,0.24511,0.18798
suv,15.824,4.102,3.185,4.905,1.897,1.823,1.6,9.7,30.3,9803529,0.37728,0.14794
airfoil,3.045,0.268,0.166,1.582,1.976,0.079,0.0,6.2,62.77,6550273,0.00996,0.68992
flat_plate,3.528,0.031,2.485,0.029,1.322,1.595,0.0,0.0,8.45,16164,1.2152,-0.00198
fsae,6.034,0.963,1.164,3.375,1.401,1.126,34.3,3.6,37.09,8257173,0.95315,-2.87083
wedge,4.002,0.339,1.218,1.557,0.949,0.644,0.0,40.0,34.17,3509412,0.71175,0.262
sedan,12.352,2.581,1.972,4.594,1.699,1.341,3.0,17.3,36.66,11109237,0.24027,0.2063
fsae,8.275,1.139,1.245,4.235,1.691,1.297,31.6,3.5,26.08,7285541,0.94502,-2.74239
truck,50.896,44.284,9.388,15.584,2.515,3.918,0.0,4.5,30.84,31702544,0.67906,0.08372
fsae,7.597,1.049,1.499,4.165,1.53,1.022,40.8,3.9,30.56,8395937,0.99077,-3.25352
sedan,11.307,4.089,1.88,4.945,1.63,1.386,1.9,18.6,44.1,14384861,0.30109,0.2519
cylinder,6.322,2.167,0.988,1.036,0.721,0.501,0.0,0.0,36.08,2465625,0.28731,-0.01314
wedge,4.853,1.144,0.772,2.1,1.463,0.574,0.0,28.6,13.31,1843734,0.56569,0.19811
sphere,5.077,0.296,1.885,0.243,0.354,0.972,0.0,0.0,34.51,553162,0.10017,-0.00628
sphere,2.429,2.979,0.319,1.159,0.334,0.516,0.0,0.0,37.99,2904381,0.1009,-0.0034
sphere,7.922,3.546,2.919,1.109,1.361,0.548,0.0,0.0,46.91,3431609,0.10134,-0.00132
airfoil,3.448,0.382,0.118,1.87,1.776,0.035,0.0,9.8,30.2,3725198,0.01593,1.10891
sedan,11.988,4.103,2.258,4.077,1.838,1.422,4.4,15.7,37.9,10192500,0.25537,0.20017
wedge,2.497,1.425,0.561,1.906,1.17,0.352,0.0,36.3,26.81,3370703,0.65167,0.21818
suv,13.205,5.563,3.094,5.058,1.849,1.828,2.2,4.5,44.16,14733594,0.37687,0.20927
ahmed_body,3.563,0.621,0.092,1.164,0.371,0.255,0.0,37.8,54.41,4177654,0.33237,0.0939
airfoil,3.421,0.251,0.06,1.442,1.594,0.069,0.0,1.4,35.87,3411909,0.00627,0.15915
airfoil,3.113,0.128,0.189,1.226,0.984,0.176,0.0,4.2,49.73,4021701,0.00786,0.46073
airfoil,2.832,0.392,0.152,0.701,0.948,0.049,0.0,3.7,57.24,2646784,0.00733,0.37699
cylinder,2.19,0.742,0.202,2.707,0.473,0.742,0.0,0.0,49.7,8874532,0.29316,-0.00821
sphere,8.127,4.475,1.506,0.805,1.161,0.268,0.0,0.0,47.71,2533414,0.09707,0.00604
suv,16.962,6.98,2.552,4.367,2.006,1.748,2.6,8.4,34.0,9794063,0.37312,0.18097
suv,12.01,5.43,2.695,4.752,1.915,1.839,2.4,2.4,37.24,11673119,0.38026,0.16377
cylinder,2.259,0.741,0.667,0.861,0.43,0.498,0.0,0.0,7.66,435044,0.48826,0.00104
airfoil,1.641,0.082,0.11,0.785,1.929,0.146,0.0,10.8,66.59,3448097,0.02527,1.23604
sphere,3.742,3.103,2.339,1.215,1.194,1.349,0.0,0.0,22.3,1787236,0.10019,0.02788
fsae,7.297,0.922,1.207,3.685,1.503,1.229,40.1,2.5,40.23,9778862,1.01004,-3.07142
ahmed_body,4.829,0.825,0.097,1.084,0.409,0.316,0.0,27.1,46.82,3347815,0.3009,0.10891
ahmed_body,4.374,0.996,0.109,1.014,0.374,0.294,0.0,15.3,36.1,2414604,0.25454,0.0687
flat_plate,2.804,0.02,2.772,0.041,1.284,1.455,0.0,0.0,18.35,49627,1.20427,0.00714
fsae,8.27,1.118,1.485,4.381,1.438,1.169,31.1,3.2,43.39,12539023,0.89815,-2.69399
fsae,6.604,1.157,1.043,3.67,1.331,1.154,37.0,3.7,33.71,8160666,0.94805,-2.98321
cylinder,5.902,1.327,1.56,2.425,0.761,0.982,0.0,0.0,12.69,2029898,0.29942,-0.00019
fsae,6.038,1.518,1.257,4.049,1.375,1.242,25.5,4.7,37.52,10021008,0.87984,-2.38564
fsae,7.234,1.388,1.314,4.3,1.322,1.148,38.1,2.8,28.92,8202902,0.97963,-2.95357
sphere,8.573,2.975,0.987,0.109,1.361,0.402,0.0,0.0,7.07,50833,0.46048,0.00137
suv,17.726,5.635,3.109,4.908,2.093,1.679,0.1,6.1,39.32,12729720,0.37232,0.19867
cylinder,7.866,1.798,0.307,0.927,0.888,0.671,0.0,0.0,15.17,927611,0.29458,-0.01798
suv,14.157,6.894,2.714,4.73,2.071,1.734,1.1,9.3,21.53,6717474,0.38334,0.14568
airfoil,1.134,0.359,0.164,1.273,1.316,0.141,0.0,10.6,33.26,2792875,0.02152,1.15369
wedge,3.173,1.819,0.885,1.92,0.988,0.21,0.0,14.2,45.53,5766332,0.44615,0.1261
wedge,5.36,0.461,0.357,1.72,1.338,0.773,0.0,31.8,27.95,3171108,0.62589,0.21863
suv,12.556,5.652,2.575,4.597,1.884,1.725,2.7,0.1,24.17,7329122,0.37246,0.13295
sedan,11.937,3.411,1.866,4.177,1.686,1.398,3.4,17.7,47.05,12963578,0.24369,0.25362
sedan,12.483,2.771,2.118,4.995,1.772,1.382,4.2,18.8,43.63,14375452,0.30286,0.2346
suv,13.479,5.13,2.604,4.614,1.925,1.741,1.9,5.7,39.27,11951964,0.36845,0.1721
fsae,8.271,1.428,1.499,4.199,1.42,1.239,28.7,4.9,22.37,6196018,0.93891,-2.63929
wedge,2.314,1.062,0.923,2.101,0.925,0.459,0.0,35.1,31.61,4380779,0.65177,0.22279
wedge,1.595,1.811,0.967,0.926,0.448,0.798,0.0,46.8,16.03,979141,0.77658,0.29343
cylinder,4.178,0.636,1.534,2.778,0.549,0.151,0.0,0.0,44.43,8141592,0.29617,0.01438
wedge,1.525,1.32,1.138,1.461,0.829,0.615,0.0,14.3,32.53,3134982,0.44585,0.12913
ahmed_body,4.835,0.694,0.101,0.982,0.394,0.309,0.0,33.9,43.87,2841711,0.33795,0.09983
sedan,12.92,2.636,2.255,4.864,1.858,1.337,4.5,14.7,36.87,11829530,0.24346,0.18745
sedan,8.122,3.63,2.381,4.496,1.659,1.352,2.6,18.6,32.18,9543620,0.30159,0.20353
truck,33.607,29.185,8.485,8.847,2.414,3.965,0.0,1.4,29.54,17238811,0.70384,0.07345
ahmed_body,4.988,0.924,0.104,1.038,0.371,0.289,0.0,4.8,42.04,2878464,0.25214,0.04839
ahmed_body,4.073,0.742,0.094,1.037,0.416,0.289,0.0,4.6,20.22,1383123,0.26021,0.03996
wedge,4.62,0.364,0.495,2.115,0.438,0.759,0.0,57.0,44.14,6158054,0.83028,0.34761
fsae,6.781,1.343,1.113,3.708,1.623,1.156,23.1,2.7,33.58,8213367,0.89658,-2.3926
sedan,12.183,4.063,2.125,4.492,1.767,1.357,4.6,12.3,29.11,8625470,0.25179,0.16264
ahmed_body,4.01,0.769,0.087,0.993,0.35,0.293,0.0,17.1,24.69,1617228,0.27257,0.06403
sedan,8.107,4.149,2.261,4.121,1.682,1.47,1.5,14.8,27.23,7402034,0.24956,0.17314
wedge,2.725,0.951,0.301,2.01,1.013,0.891,0.0,23.9,12.3,1630805,0.53795,0.16457
fsae,7.119,1.241,1.263,3.216,1.639,1.174,31.2,3.2,33.22,7047198,0.94886,-2.87075
ahmed_body,3.798,0.854,0.115,0.964,0.353,0.292,0.0,22.5,41.28,2624929,0.28884,0.08995
suv,12.351,5.469,2.619,5.031,2.028,1.843,2.0,4.5,42.19,14001180,0.36609,0.18527
fsae,7.633,1.174,1.219,3.902,1.34,1.023,40.6,3.6,23.34,6007433,0.96136,-3.2137
airfoil,1.761,0.094,0.174,1.279,1.369,0.23,0.0,3.5,28.13,2373237,0.00725,0.38798
fsae,5.752,1.19,1.554,3.992,1.54,1.129,15.2,1.8,46.08,12133995,0.87161,-2.13857
suv,17.522,4.801,3.005,4.626,1.978,1.607,0.9,4.8,22.45,6850508,0.36712,0.12351
fsae,5.765,1.03,1.501,3.999,1.57,1.23,20.1,4.6,38.98,10282389,0.88986,-2.34259
fsae,7.606,1.292,1.3,4.41,1.308,1.129,30.8,1.5,23.45,6821537,0.94019,-2.65126
sedan,10.098,3.109,1.942,4.445,1.701,1.497,1.8,16.6,21.5,6303925,0.23715,0.14433
wedge,2.741,1.594,0.725,0.612,1.28,0.209,0.0,30.4,10.59,427512,0.60593,0.21867
suv,14.194,4.062,2.516,4.684,2.076,1.896,1.4,0.2,35.3,10906675,0.36815,0.17236
airfoil,1.643,0.056,0.081,1.359,0.895,0.109,0.0,3.8,35.93,3220902,0.00732,0.43582
sedan,11.412,2.752,2.157,4.172,1.62,1.483,2.9,16.8,29.19,8033026,0.2446,0.18287
ahmed_body,4.148,0.73,0.09,0.96,0.408,0.255,0.0,1.4,26.54,1680633,0.2468,0.02269
suv,15.328,4.691,2.507,5.045,1.917,1.784,1.5,3.0,20.7,6888621,0.37874,0.13004
sedan,10.479,4.354,2.268,4.45,1.621,1.476,0.1,19.9,21.09,6190666,0.29512,0.15714
suv,17.6,5.979,2.503,4.502,2.029,1.846,0.5,3.2,20.57,6108584,0.37924,0.12677
wedge,2.512,1.631,1.087,1.038,1.266,0.638,0.0,42.0,44.08,3018142,0.71118,0.24622
suv,16.265,6.55,2.766,5.101,1.919,1.789,0.4,1.7,22.44,7550557,0.37138,0.12033
ahmed_body,3.707,0.742,0.098,1.102,0.379,0.317,0.0,30.6,48.65,3536431,0.31764,0.11857
cylinder,5.187,0.764,0.833,2.86,0.236,0.217,0.0,0.0,25.21,4755976,0.28944,0.00946
sedan,9.959,3.898,2.251,4.271,1.84,1.335,4.6,11.1,33.98,9573125,0.26036,0.17753
suv,17.612,6.7,2.54,4.844,1.801,1.795,2.4,9.3,21.98,7023161,0.37344,0.11167
suv,13.397,5.95,2.628,4.641,1.806,1.815,0.8,9.4,20.51,6278820,0.37777,0.10807
ahmed_body,4.318,0.906,0.082,1.165,0.388,0.262,0.0,15.9,37.13,2853328,0.2585,0.06628
wedge,2.35,1.184,0.235,2.41,0.709,0.617,0.0,26.0,35.87,5702289,0.5434,0.16876
suv,14.297,5.776,3.003,4.833,1.842,1.691,1.1,6.9,30.25,9643684,0.37525,0.15389
cylinder,5.214,2.93,1.735,2.153,0.896,0.37,0.0,0.0,21.05,2989489,0.29589,-0.0013
wedge,2.552,0.808,0.22,2.322,0.922,0.957,0.0,25.6,25.15,3852131,0.56227,0.17038
wedge,4.859,1.441,0.238,1.198,0.39,0.802,0.0,56.2,16.59,1311004,0.86053,0.33032
cylinder,2.26,0.656,1.169,2.512,0.869,0.583,0.0,0.0,41.09,6808580,0.29241,0.00105
cylinder,6.687,2.422,0.619,1.234,0.48,0.565,0.0,0.0,38.48,3132211,0.30211,-0.00718
suv,16.816,4.225,2.591,4.45,2.031,1.733,0.4,3.8,34.6,10156332,0.38637,0.17357
sedan,11.885,2.882,2.314,4.015,1.615,1.497,0.4,13.4,25.37,6719034,0.2579,0.14775
suv,17.957,6.094,2.661,4.334,1.822,1.831,0.5,0.7,33.09,9459898,0.36977,0.16837
sedan,11.545,2.727,2.046,4.145,1.634,1.495,1.9,18.5,31.24,8541544,0.30116,0.18684
flat_plate,5.622,0.021,0.533,0.013,1.235,1.678,0.0,0.0,7.09,6080,1.27471,0.00317
flat_plate,1.737,0.024,1.987,0.041,1.515,1.764,0.0,0.0,39.35,106422,1.25026,0.01483
cylinder,6.279,2.256,1.092,1.498,0.762,0.67,0.0,0.0,32.83,3244020,0.29513,0.01706
wedge,5.251,1.844,0.423,0.758,1.121,0.652,0.0,27.4,36.52,1826000,0.5793,0.17185
suv,12.714,6.013,2.798,5.117,1.943,1.86,0.4,2.4,20.07,6774287,0.35827,0.12317
sphere,1.332,4.2,0.772,0.531,1.454,1.375,0.0,0.0,6.62,231875,0.43074,-0.00648
ahmed_body,4.275,0.671,0.106,1.064,0.365,0.316,0.0,34.8,58.13,4079836,0.33618,0.12794
truck,37.113,28.406,8.341,14.605,2.418,3.877,0.0,2.7,21.77,20973011,0.72305,0.07447
truck,33.453,21.402,8.579,12.287,2.529,4.107,0.0,1.7,32.42,26276025,0.67773,0.09151
truck,38.244,42.838,9.338,10.862,2.495,3.888,0.0,2.7,29.41,21071993,0.69184,0.08079
cylinder,3.089,2.13,1.756,2.717,0.664,0.836,0.0,0.0,21.97,3937499,0.29792,0.00032
airfoil,2.367,0.419,0.145,1.423,1.898,0.083,0.0,6.0,56.08,5263974,0.00953,0.63673
fsae,7.92,1.428,1.038,3.429,1.664,1.213,28.7,1.3,39.02,8825830,0.91075,-2.73259
sedan,9.415,3.324,2.097,4.535,1.732,1.335,1.5,19.5,21.54,6443529,0.30474,0.16599
ahmed_body,3.704,0.733,0.104,1.059,0.355,0.253,0.0,35.2,25.92,1810639,0.33263,0.11684
cylinder,4.432,1.384,0.527,1.278,0.987,0.677,0.0,0.0,42.31,3566766,0.29832,-0.0051
sedan,9.626,3.467,2.382,4.712,1.897,1.493,2.8,10.5,20.41,6343794,0.26768,0.12169
sedan,9.424,2.869,1.801,4.811,1.647,1.31,0.6,19.8,22.25,7060999,0.29272,0.17576
airfoil,1.193,0.093,0.072,1.322,1.004,0.137,0.0,6.0,47.49,4141278,0.00953,0.6269
fsae,6.869,1.457,1.566,4.024,1.584,1.017,22.7,1.6,39.83,10572290,0.9297,-2.40042
fsae,6.529,1.552,1.195,4.495,1.542,1.138,31.9,3.2,28.41,8423677,0.94447,-2.76711
cylinder,6.389,0.95,1.809,1.135,0.129,0.299,0.0,0.0,13.89,1039918,0.29843,0.0159
cylinder,5.413,2.996,0.873,1.416,0.469,0.195,0.0,0.0,34.65,3236438,0.30475,-0.01573
sedan,8.848,3.877,1.856,4.391,1.677,1.417,2.0,12.4,22.95,6647325,0.26332,0.14119
ahmed_body,4.843,0.719,0.108,0.911,0.371,0.289,0.0,14.5,47.09,2829749,0.2556,0.05036
fsae,5.735,0.99,1.011,4.2,1.573,1.188,29.1,1.8,18.95,5250000,0.91114,-2.71189
cylinder,7.895,1.518,0.956,0.655,0.334,0.986,0.0,0.0,32.5,1404189,0.28797,-0.01037
truck,38.731,30.242,9.81,13.455,2.597,3.544,0.0,4.0,23.41,20777147,0.62821,0.11794
fsae,8.277,1.123,1.199,3.897,1.679,1.046,27.3,4.9,48.13,12372204,0.92155,-2.58519
fsae,8.367,0.983,1.33,3.366,1.539,1.234,42.1,1.7,21.1,4684868,0.97021,-3.2083
ahmed_body,4.749,0.766,0.094,0.9,0.419,0.268,0.0,18.9,45.93,2726715,0.27101,0.08316
fsae,8.455,1.104,1.464,3.36,1.346,1.024,38.2,3.8,35.49,7865858,0.95487,-3.03172
wedge,3.491,0.227,0.295,0.526,1.436,0.686,0.0,53.8,48.6,1686253,0.83575,0.31792
sphere,8.463,2.619,1.39,0.765,0.543,1.224,0.0,0.0,18.36,926478,0.09799,0.01572
suv,13.514,5.884,2.649,4.362,1.845,1.774,2.2,8.0,42.67,12277476,0.36891,0.19793
fsae,6.656,1.173,1.133,3.505,1.673,1.121,44.6,1.8,15.23,3521184,0.99494,-3.42428
fsae,6.689,1.35,1.195,3.531,1.532,1.15,19.6,1.3,43.64,10164435,0.89388,-2.22645
sphere,6.236,2.796,1.717,0.595,0.447,1.336,0.0,0.0,29.3,1149967,0.10039,0.00293
wedge,4.599,1.683,1.106,1.25,0.793,0.83,0.0,33.4,29.59,2439809,0.62909,0.20154
wedge,4.108,0.479,0.807,1.097,0.385,0.325,0.0,43.4,43.03,3113714,0.74055,0.26336
airfoil,0.982,0.131,0.18,1.481,1.172,0.067,0.0,5.5,29.92,2922923,0.00906,0.58866
fsae,5.598,0.989,1.577,4.232,1.532,1.15,20.4,3.5,21.9,6113509,0.88572,-2.30872
ahmed_body,4.339,0.807,0.115,0.991,0.395,0.272,0.0,6.8,56.06,3664608,0.25608,0.02382
wedge,5.106,1.575,0.993,0.717,0.527,0.705,0.0,29.3,22.72,1074554,0.58881,0.2053
suv,16.097,4.755,2.998,4.492,2.06,1.854,1.6,5.0,29.11,8625470,0.36501,0.14662
airfoil,1.705,0.293,0.162,1.01,1.594,0.246,0.0,11.2,76.42,5091306,0.03163,1.19892
cylinder,5.601,0.53,1.792,0.534,0.233,0.984,0.0,0.0,7.92,278976,0.94627,-0.00759
suv,16.08,6.581,2.869,4.544,1.877,1.689,0.7,3.8,33.81,10134079,0.36953,0.15072
ahmed_body,3.729,0.815,0.105,0.968,0.353,0.313,0.0,37.9,56.86,3630639,0.33271,0.10291
cylinder,1.781,0.856,0.497,2.609,0.616,0.468,0.0,0.0,12.92,2223501,0.2919,0.00123
fsae,6.87,1.364,1.269,4.235,1.644,1.157,22.5,1.7,31.38,8766115,0.91153,-2.36284
airfoil,2.519,0.272,0.182,0.879,0.381,0.248,0.0,6.3,44.91,2603951,0.00977,0.70553
fsae,6.376,1.529,1.405,3.726,1.437,1.059,24.9,1.4,15.91,3910334,0.91356,-2.58964
fsae,6.405,1.349,1.558,4.244,1.483,1.0,30.8,4.4,38.06,10654792,0.91034,-2.66622
fsae,8.005,1.136,1.061,3.588,1.657,1.253,17.5,1.2,41.82,9897768,0.84341,-2.26646
wedge,1.475,1.94,0.724,2.053,0.361,0.353,0.0,29.2,40.48,5481889,0.58812,0.19903
cylinder,6.922,1.176,0.943,0.657,0.548,0.164,0.0,0.0,8.02,347569,0.74117,-0.0223
fsae,6.772,1.506,1.09,4.247,1.541,1.019,40.6,2.6,21.82,6112766,1.02066,-3.04427
ahmed_body,4.799,0.964,0.1,1.115,0.378,0.275,0.0,13.7,39.52,2906649,0.25421,0.05845
wedge,1.225,1.622,0.233,1.595,0.866,0.279,0.0,12.2,38.18,4016959,0.40262,0.1052
flat_plate,2.525,0.007,2.969,0.011,0.543,1.376,0.0,0.0,21.25,15419,1.24346,-0.00201
fsae,7.56,0.952,1.433,3.515,1.367,1.08,33.7,3.0,27.06,6274136,0.90614,-2.96848
sedan,11.818,3.244,2.215,4.592,1.898,1.349,1.8,19.1,37.87,11470913,0.31281,0.23644
cylinder,1.25,2.159,1.516,2.614,0.616,0.251,0.0,0.0,12.21,2105339,0.29521,-0.00271
fsae,7.7,1.501,1.238,3.716,1.683,1.179,18.2,0.9,38.89,9532668,0.88815,-2.26063
cylinder,4.816,1.56,1.086,1.978,0.384,0.394,0.0,0.0,41.46,5409491,0.29986,0.02058
ahmed_body,4.648,0.698,0.085,1.082,0.358,0.318,0.0,36.2,27.18,1939892,0.33032,0.11595
fsae,6.378,1.32,1.344,3.67,1.544,1.038,15.9,3.1,20.49,4960310,0.88675,-2.18726
flat_plate,1.004,0.018,0.625,0.043,1.957,1.412,0.0,0.0,15.52,44021,1.27648,0.00835
sphere,9.675,4.183,2.876,0.579,0.156,0.441,0.0,0.0,49.6,1894354,0.0986,-0.00646
suv,14.665,4.235,2.739,4.342,1.844,1.834,2.8,8.6,43.42,12435992,0.38136,0.1967
fsae,7.252,0.863,1.205,4.3,1.336,1.3,42.6,4.0,42.04,11924274,1.00428,-3.20099
sphere,8.442,4.984,0.864,1.461,0.101,0.692,0.0,0.0,29.45,2838156,0.09891,0.01077
truck,36.69,21.996,8.227,12.116,2.579,3.777,0.0,4.9,25.41,20307887,0.75137,0.08792
flat_plate,4.97,0.045,1.011,0.042,0.801,1.281,0.0,0.0,34.02,94251,1.21426,0.01324
sedan,11.783,2.651,1.993,4.467,1.617,1.355,4.0,17.6,27.54,8114854,0.23506,0.1659
suv,17.871,6.768,2.652,4.419,1.94,1.818,1.5,5.0,27.16,7916889,0.37854,0.14998
sedan,9.141,4.459,1.998,4.373,1.673,1.375,4.1,12.6,49.93,14402631,0.25684,0.24117
sedan,8.854,3.945,2.313,4.456,1.835,1.303,0.6,11.5,46.64,13708960,0.25582,0.21649
ahmed_body,3.557,0.675,0.106,0.919,0.397,0.294,0.0,23.6,57.71,3498383,0.28245,0.0826
sedan,11.09,3.127,1.971,4.592,1.638,1.335,4.5,13.6,35.95,10889340,0.24272,0.18973
wedge,2.636,0.257,0.327,1.269,0.742,0.276,0.0,23.1,23.21,1942842,0.51677,0.15528
sedan,10.682,4.478,1.925,4.764,1.785,1.493,1.9,14.4,34.26,10766137,0.26209,0.17577
truck,42.513,43.916,7.234,15.385,2.55,4.022,0.0,0.3,31.92,32393747,0.68008,0.06578
fsae,7.11,1.063,1.32,4.214,1.415,1.035,21.6,2.2,45.96,12775425,0.90544,-2.3409
suv,15.307,5.276,2.978,5.155,1.895,1.888,0.9,8.1,38.81,13196936,0.37759,0.18808
flat_plate,5.526,0.021,0.954,0.046,1.981,0.564,0.0,0.0,8.31,25215,1.19576,0.00907
airfoil,0.974,0.203,0.051,1.433,1.961,0.232,0.0,6.8,48.56,4590137,0.01047,0.78985
flat_plate,5.262,0.015,1.487,0.016,1.069,1.765,0.0,0.0,33.55,35409,1.24721,0.01413
truck,31.941,27.638,8.898,12.044,2.503,4.147,0.0,4.0,28.98,23023425,0.70019,0.09086
airfoil,3.382,0.072,0.163,0.623,0.616,0.118,0.0,10.4,34.94,1435859,0.01935,1.10124
airfoil,3.917,0.056,0.099,1.543,0.704,0.092,0.0,5.7,40.73,4145540,0.00932,0.6497
ahmed_body,3.787,0.929,0.109,0.998,0.382,0.262,0.0,37.7,35.24,2319889,0.33582,0.12252
wedge,2.181,1.761,0.745,0.58,0.416,0.283,0.0,57.0,32.3,1235752,0.87725,0.32479
cylinder,1.505,1.717,0.959,2.179,0.363,0.963,0.0,0.0,25.98,3734197,0.30438,0.01318
sedan,12.427,3.243,2.186,4.616,1.661,1.472,1.0,17.4,49.23,14989821,0.25005,0.25549
cylinder,6.301,0.524,0.781,2.326,0.663,0.939,0.0,0.0,10.57,1621756,0.30384,0.00395
sedan,9.98,3.78,1.941,4.002,1.866,1.334,2.9,18.2,20.07,5298162,0.28814,0.16647
sphere,8.666,0.34,2.897,0.12,0.987,0.562,0.0,0.0,10.1,79947,0.45491,0.0053
airfoil,0.647,0.466,0.071,1.14,1.142,0.14,0.0,4.1,48.49,3646346,0.00758,0.44498
suv,12.328,4.866,2.612,4.899,1.819,1.703,0.6,0.6,36.39,11759539,0.3588,0.1684
cylinder,4.643,0.508,0.297,0.634,0.59,0.968,0.0,0.0,9.19,384331,0.64105,0.0183
airfoil,1.073,0.134,0.045,0.931,1.279,0.16,0.0,0.0,36.46,2239067,0.00608,-0.01356
sphere,2.039,0.191,0.394,0.896,0.973,0.414,0.0,0.0,31.91,1885974,0.10005,-0.00312
suv,15.004,4.591,2.526,4.858,2.017,1.82,0.1,5.3,36.88,11818142,0.36028,0.17078
cylinder,5.326,1.767,1.675,0.921,0.564,0.713,0.0,0.0,39.3,2387553,0.30163,-0.00435
